name,organization,homepage,logo,twitter,crunchbase_url,funding,member,relation,tag,license,headquarters,description,crunchbase_description,crunchbase_homepage,crunchbase_city,crunchbase_region,crunchbase_country,crunchbase_twitter,crunchbase_linkedin,crunchbase_ticker,crunchbase_kind,crunchbase_min_employees,crunchbase_max_employees,category,subcategory,oss,github_repo,github_stars,github_description,github_latest_commit_date,github_latest_commit_link,github_latest_release_date,github_latest_release_link,github_start_commit_date,github_start_commit_link,github_contributors_count,github_contributors_link,accepted,incubation,graduated,dev_stats_url,artwork_url,blog_url,mailing_list_url,slack_url,youtube_url,chat_channel,last_audit_date,last_audit_url
52Impact,,https://www.52impact.nl/,logos/4ada2568f5a8191578a08312050b03a2d8080aa4d76eb170655b84a2138a2a5e.svg,,,,,,,,,"We help corporates, production facilities and financial organisations to accelerate their transition towards sustainability by providing powerful spatial insights for corporate strategy, business tactics, planning, investigations, trading and policy making. Clear, actionable maps and information products that show where and how you can best invest in sustainability, and the impact of your efforts.",,,,,,,,,,,,Earth Observation Applications,All,,,,,,,,,,,,,,,,,,,,,,,,
A-SpaX,,https://a-spax.com/,,,,,,,,,,"A‑SpaX provides in‑space manufacturing as a service using modular infrastructure such as the Climate Box and a returnable free‑flying lab, enabling high‑quality microgravity production (e.g., optical fibers, semiconductors).",,,,,,,,,,,,Other Space Data Applications,All,,,,,,,,,,,,,,,,,,,,,,,,
AAC Hyperion,,https://www.aac-clyde.space/who-we-are/our-companies/hyperion,logos/e156a93568820ac3e33faab24aa9e92d14638503d1df43f0640245f25e533e82.svg,https://twitter.com/AACClydeSpace,,,,,,,,"AAC Hyperion designs high‑performance subsystems for small spacecraft, including star trackers and attitude & orbit control (ADCS) as well as laser‑communication technologies.",,,,,,,,,,,,Subsystems & Components,All,,,,,,,,,,,,,,,,,,,,,,,,
Acacia Water,,https://www.acaciawater.com/,logos/35c262106b8db42005df1cd02bb8a892a3c5af67bd556abf6897bc0ec90344c3.svg,,,,,,,,,"Onze missie? Het toegankelijk maken van schoon en veilig water. Slimme, duurzame en praktische oplossingen voor watervraagstukken wereldwijd. Daar werken wij aan. Door wetenschap, praktische daadkracht en professionele gedrevenheid te combineren met persoonlijke betrokkenheid. Met meer dan 30 enthousiaste grondwaterdeskundigen onderzoeken en adviseren we. Toepasbaar en maatschappelijk relevant. Daarbij is continu contact met eigenaren én gebruikers van watersystemen de standaard. Van dorpelingen tot stamhoofd, van burger tot overheid, van waterschap tot boer.",,,,,,,,,,,,Earth Observation Applications,All,,,,,,,,,,,,,,,,,,,,,,,,
ACS Innovation,,https://acsinnovation.com/,logos/e39d1a0a3367f7f2fc7be48efa7191b0c5204fc75a255e0d83070d82720abaea.svg,,,,,,,,,"ACS Innovation is a unique full-service development company providing innovative technological products and Automation Vehicles Services, with exceptional knowledge and core competencies in a broad range of information technology and automation industry.",,,,,,,,,,,,Engineering & Test Services,All,,,,,,,,,,,,,,,,,,,,,,,,
Active Space Technologies,,http://activespacetech.com,logos/3c7953b5727476243c323577c2d754d853374caa945ef85acc86d039014f6e74.svg,,,,,,,,,Active Space Technologies provides solutions and services in the space and aerospace domain; details can be found on the company's website.,,,,,,,,,,,,Other Space Data Applications,All,,,,,,,,,,,,,,,,,,,,,,,,
Advanced Lightweight Engineering B.V.,,https://ale.nl/,,,,,,,,,,,,,,,,,,,,,,Engineering & Test Services,All,,,,,,,,,,,,,,,,,,,,,,,,
Aenarete,,https://aenarete.eu,logos/e2881b4ac419ec06e846d5a41d762c63414edce90d558138de2adf87ec18ee61.svg,,,,,,,,,Aenarete provides solutions and services in the space and aerospace domain; details can be found on the company's website.,,,,,,,,,,,,Other Space Data Applications,All,,,,,,,,,,,,,,,,,,,,,,,,
Aerialtronics,,https://aerialtronics.com,,,,,,,,,,Aerialtronics provides solutions and services in the space and aerospace domain; details can be found on the company's website.,,,,,,,,,,,,Other Space Data Applications,All,,,,,,,,,,,,,,,,,,,,,,,,
Aeromon,,https://aeromon.io,logos/82fe9af507014cebfa50b82a67d42372188eec7857861eaa5b158e6aada23ff7.svg,,,,,,,,,Aeromon provides solutions and services in the space and aerospace domain; details can be found on the company's website.,,,,,,,,,,,,Other Space Data Applications,All,,,,,,,,,,,,,,,,,,,,,,,,
Aerospace Inoovation Hub,,https://zeta-solutions.nl,,,,,,,,,,,,,,,,,,,,,,"Research, Innovation and Incubation",All,,,,,,,,,,,,,,,,,,,,,,,,
AeroVision,,https://www.aerovision.nl/,logos/3d207d801f8218bb82b38995de9b987707a2dadcb5b5c3312819584e385c0cbb.svg,https://twitter.com/AeroVisionBV,,,,,,,,AeroVision is een onafhankelijke inkoop adviseur van (geo)informatie. Wij maken uw inzet van geo-informatie bij besluitvorming effectiever.,,,,,,,,,,,,Data Analytics & Insights,All,,,,,,,,,,,,,,,,,,,,,,,,
Agentschap Telecom,,https://zeta-solutions.nl,,,,,,,,,,"Frequentieruimte is geen onuitputtelijke bron. Daarom houdt Agentschap Telecom zich bezig met het waarborgen van de beschikbaarheid van moderne en betrouwbare telecommunicatie, in en voor Nederland. En daarom is Agentschap Telecom betrokken bij het maken van (inter)nationale afspraken over het gebruik van frequenties.",,,,,,,,,,,,Government,All,,,,,,,,,,,,,,,,,,,,,,,,
AgriData Innovations,,https://agridatainnovations.nl,logos/0932c1430f16c5f8bab813f725971305e3d1b996d602ed3d87953b4fde631bfe.svg,,,,,,,,,AgriData Innovations provides solutions and services in the space and aerospace domain; details can be found on the company's website.,,,,,,,,,,,,Other Space Data Applications,All,,,,,,,,,,,,,,,,,,,,,,,,
Agtuall,,https://agtuall.com/,logos/245c104f434e3a92899a24df307a8d33abb3492a5dfcb8626244d3b9ae7dbff8.svg,https://twitter.com/Agtuall_,,,,,,,,Our web-based platform delivers critical insights about the extent and impact of weather-related events on agricultural production. The customizable platform provides pre-defined risk scores that help you quantify and manage your exposure. These risk scores are created using advanced AI algorithms that combine multiple data sources ranging from high resolution satellite imagery to weather and crop phenology data.,,,,,,,,,,,,Earth Observation Applications,All,,,,,,,,,,,,,,,,,,,,,,,,
Airborne,,https://www.airborne.com/composites-space,logos/f90283aa5b26fd5680aed6aa59a8e6af19d97ada64d69483edf200eb688cd1a0.svg,,,,,,,,,"Airborne designs and manufactures advanced components and structures for aerospace and high‑tech applications, with capabilities in materials, machining and qualification.",,,,,,,,,,,,Subsystems & Components,All,,,,,,,,,,,,,,,,,,,,,,,,
Airborne Composites / Airborne aerospace,,https://www.airborne.com/,logos/ed26d066fd9b6f52076f8bcffa619427d1ba285d7bb4942315965faeaff6fb76.svg,https://twitter.com/Airborne_com,,,,,,,,,,,,,,,,,,,,Subsystems & Components,All,,,,,,,,,,,,,,,,,,,,,,,,
Airbus Defence and Space Netherlands,,https://www.airbusdefenceandspacenetherlands.nl/,logos/10845c593546047312c6fdfa5b88ed43daec2aa12249c442d9ffccae7303f85b.svg,https://twitter.com/AirbusDS_NL,,,,,,,,,,,,,,,,,,,,Launchers,All,,,,,,,,,,,,,,,,,,,,,,,,
Airbus Netherlands,,https://www.airbusdefenceandspacenetherlands.nl/,logos/10845c593546047312c6fdfa5b88ed43daec2aa12249c442d9ffccae7303f85b.svg,,,,,,,,,Airbus Netherlands provides solutions and services in the space and aerospace domain; details can be found on the company's website.,,,,,,,,,,,,Other Space Data Applications,All,,,,,,,,,,,,,,,,,,,,,,,,
AirHub,,https://airhub.app,logos/4c298196070ccf04be309ac09e4348f28fddf75f0f1b54827d88cc230045d421.svg,,,,,,,,,"AirHub develops and delivers drone systems and services for inspection, mapping, security and other industrial applications, integrating hardware, software and operations.",,,,,,,,,,,,Drone/UAV Mapping,All,,,,,,,,,,,,,,,,,,,,,,,,
Angoka,,https://angoka.io,logos/5056b4255fa69db41618b8c1909d081d8bc0f16564926f79019bf296128dc3c7.svg,,,,,,,,,"Angoka delivers security and surveillance technologies and services for critical infrastructure, mobility and public spaces, combining sensors with operational expertise.",,,,,,,,,,,,Other Space Data Applications,All,,,,,,,,,,,,,,,,,,,,,,,,
Antea Group,,https://anteagroup.nl/,logos/45a20fd8ab42a0d7fd0fe037197d87aa2cd5de78c528b8b3b6b87e6de70bc16c.svg,https://twitter.com/AnteaGroupNL?ref_src=twsrc%5Egoogle%7Ctwcamp%5Eserp%7Ctwgr%5Eauthor,,,,,,,,"Antea Group is een internationaal ingenieurs- en adviesbureau; gespecialiseerd in full-service oplossingen op het gebied van milieu, infrastructuur, stedenbouw en water.",,,,,,,,,,,,Data Analytics & Insights,All,,,,,,,,,,,,,,,,,,,,,,,,
APP ArianeGroup,,https://app.ariane.group/,,https://twitter.com/ArianeGroup,,,,,,,,,,,,,,,,,,,,Propulsion,All,,,,,,,,,,,,,,,,,,,,,,,,
Applus RVIS,,https://applus.com/nl/,,,,,,,,,,Applus RVIS provides solutions and services in the space and aerospace domain; details can be found on the company's website.,,,,,,,,,,,,Other Space Data Applications,All,,,,,,,,,,,,,,,,,,,,,,,,
AQUILO Rocket Team,,https://www.aquilodelft.com/,logos/a860402fdc78ee6b7529ae79008ae87ae0718f59a54669e742d06a27e1350ca9.svg,,,,,,,,,"A student rocketry team that designs, builds and launches rockets, providing hands‑on aerospace experience in structures, propulsion and avionics.",,,,,,,,,,,,Launchers,All,,,,,,,,,,,,,,,,,,,,,,,,
Aratos Systems,,https://aratos-systems.com/,,https://twitter.com/aratostech,,,,,,,,"Aratos Systems and Aratos Space, provide for an increasing range of added value products, services and solutions in the fields of Space & Satellites, Information & Communication, as well as Cyber Technology and Homeland Security.",,,,,,,,,,,,Data Analytics & Insights,All,,,,,,,,,,,,,,,,,,,,,,,,
ARCADIS,,https://www.arcadis.com/,logos/cfa7cdbe2b533d57deb5d320294e970f1f1ca5eb4197ed9549bde9590e1caca0.svg,https://twitter.com/Arcadis_NL,,,,,,,,"Arcadis is een toonaangevende internationale organisatie die ontwerp-, engineering- en adviesdiensten levert voor een duurzame gebouwde en natuurlijke omgeving. Met meer dan 28.000 mensen in ruim 70 landen zetten we ons in om de leefomgeving over de hele wereld te verbeteren.",,,,,,,,,,,,Earth Observation Applications,All,,,,,,,,,,,,,,,,,,,,,,,,
Arceon,,https://arceon.nl/,logos/792002430631ddf5829932a526e813054ffdca41e01302bc3bcb960d4a0c71f1.svg,,,,,,,,,Arceon provides solutions and services in the space and aerospace domain; details can be found on the company's website.,,,,,,,,,,,,Subsystems & Components,All,,,,,,,,,,,,,,,,,,,,,,,,
ARS Traffic & Transport Technology,,https://ars-traffic.com/,logos/a17dab0341001ea41217c5b85af3ac724cd140007781029f2b85a6072f552b76.svg,,,,,,,,,ARS Traffic & Transport Technology has been providing traffic and transport technology solutions to private and public organizations for nearly 20 years.,,,,,,,,,,,,Location-based Services,All,,,,,,,,,,,,,,,,,,,,,,,,
Artis Planetarium,,https://zeta-solutions.nl,,,,,,,,,,,,,,,,,,,,,,Space Museums,All,,,,,,,,,,,,,,,,,,,,,,,,
ASTRON,,https://www.astron.nl/,logos/b1fcfc8f4bbd045fbcff2929c40ce6f69b4f3a0c0c4d4e9cb4170c308d648c39.svg,https://www.twitter.com/astron_nl,,,,,,,,"ASTRON is the Netherlands Institute for Radio Astronomy, ASTRON is part of the institutes organisation of NWO. Our mission is to make discoveries in radio astronomy happen. We do this by developing new and innovative technologies, operating world-class radio astronomy facilities, and pursuing fundamental astronomical research.",,,,,,,,,,,,"Research, Innovation and Incubation",All,,,,,,,,,,,,,,,,,,,,,,,,
ATG Europe,,https://www.atg-europe.com/,logos/b0d8f04acb82ebd7293125438bf88b8c395b7d132f2eafd7c21086af31d8c8e0.svg,,,,,,,,,"ATG Europe provides engineering and consulting services for space missions, including structural and thermal engineering, software and mission support for ESA and industry partners.",,,,,,,,,,,,Space Recruitment,All,,,,,,,,,,,,,,,,,,,,,,,,
Atmos,,https://atmosuav.com,logos/8925017ebe564589ce48cda9b9ad113a63caa36e270c67e72fffa3f2c3f187cb.svg,,,,,,,,,Atmos provides solutions and services in the space and aerospace domain; details can be found on the company's website.,,,,,,,,,,,,Other Space Data Applications,All,,,,,,,,,,,,,,,,,,,,,,,,
Avy,,https://avy.eu/,logos/f6bfdaf34637f6568284983afc9292404dbed834dc2aa6619970fbb7c7516c1a.svg,https://twitter.com/flyavy,,,,,,,,"Today’s lifesavers urgently need a middle way between cars and helicopters. Avy’s fully electric drone response network offers them an affordable, reliable and integrated solution for their missions, minus the emissions.",,,,,,,,,,,,Drone/UAV Mapping,All,,,,,,,,,,,,,,,,,,,,,,,,
Bavak Security Group,,https://bavak.com,logos/467766ac62423406fae7cdd12b85ec69f80a236764b604765fcb2952ce2949ed.svg,,,,,,,,,"Bavak Security Group delivers security and surveillance technologies and services for critical infrastructure, mobility and public spaces, combining sensors with operational expertise.",,,,,,,,,,,,Other Space Data Applications,All,,,,,,,,,,,,,,,,,,,,,,,,
Bayard Vertiports,,https://bayardsvertiports.com,logos/aab8cd39552725f3b188f471b2e8384b89b0a8937fb4c109681bd1de88c23955.svg,,,,,,,,,Bayard Vertiports provides solutions and services in the space and aerospace domain; details can be found on the company's website.,,,,,,,,,,,,Other Space Data Applications,All,,,,,,,,,,,,,,,,,,,,,,,,
Bayards Aluminium Constructies B.V.,,https://www.bayards.com/,logos/aab8cd39552725f3b188f471b2e8384b89b0a8937fb4c109681bd1de88c23955.svg,,,,,,,,,Welcome to Bayards! We are pleased to introduce you to one of the world's leading aluminium construction companies. Our company is active in many different industries and many different projects.,,,,,,,,,,,,Subsystems & Components,All,,,,,,,,,,,,,,,,,,,,,,,,
Bioclear Earth,,https://bioclearearth.nl/,logos/4556250f84e076d2ba76039d03368e57d677c1b3b114922b9b7838f475f96095.svg,,,,,,,,,"To create innovative solutions that make the world cleaner, more sustainable and safer using the power of nature: that is what Bioclear stands for.",,,,,,,,,,,,Earth Observation Applications,All,,,,,,,,,,,,,,,,,,,,,,,,
Birds.AI,,https://birds.ai/,logos/17d46d39250e95936efe457add08f7a7c963badba04868def0020e9d21376f8c.svg,,,,,,,,,"At Birds.ai, we fully utilise Computer Technology to tackle Humanity’s Challenges. Our toolset contains Artificial Intelligence, Machine Learning, and Predictive Analytics. The key features of Birds.ai technology are:",,,,,,,,,,,,Data Analytics & Insights,All,,,,,,,,,,,,,,,,,,,,,,,,
Blaauw Space Affairs,,https://zeta-solutions.nl,,,,,,,,,,"Space Affairs, Business Strategy, Innovation, NewSpace, Communication & Outreach, Public & Private Organisations, (Inter-) national Cooperations, Personal Coaching",,,,,,,,,,,,Space Consultancy,All,,,,,,,,,,,,,,,,,,,,,,,,
Black Holes,,https://www.black-holes.eu/,logos/66b5f2d8ac5e3edd20022839ad12018be62ee40fbdb80f6d55a8f0a8b218223e.svg,,,,,,,,,The world's leading consultancy company in space law,,,,,,,,,,,,Space Consultancy,All,,,,,,,,,,,,,,,,,,,,,,,,
Blackshore,,https://www.blackshore.eu/,logos/9a18ab2b3d3f152470481dc32df0317f88dd726739442527546a0625260eb350.svg,,,,,,,,,"BlackShore delivers accurate, up-to-date and low-cost map products based on the crowd-sourced interpretation of satellite data and aerial imagery. We map what matters most in the world. Topics range from forest monitoring to disaster relief and food security.",,,,,,,,,,,,Earth Observation Applications,All,,,,,,,,,,,,,,,,,,,,,,,,
BOC MetOcean,,https://www.bocmetocean.com/,,,,,,,,,,"Weather and oceanographic services for design, planning and support of operations worldwide",,,,,,,,,,,,Earth Observation Applications,All,,,,,,,,,,,,,,,,,,,,,,,,
Boesadvies,,http://boesadvies.nl/,,,,,,,,,,Space and Aviation -consulting - public affairs - public funding -contact henk@boesadvies.nl,,,,,,,,,,,,Space Consultancy,All,,,,,,,,,,,,,,,,,,,,,,,,
Bradford Space,,https://www.bradford-space.com/,logos/10a10bdad89d3ef6fedb41fece4811117dafd567a844c41546b1c1f902f19248.svg,https://twitter.com/Bradford_Space,,,,,,,,Bradford Space is the most capable space company you’ve probably never heard of. We are a high-tech developer and manufacturer that has been innovating the space industry for over three decades. Bradford has over 35 years’ experience developing and manufacturing state-of-the-art in-orbit systems and components.,,,,,,,,,,,,Subsystems & Components,All,,,,,,,,,,,,,,,,,,,,,,,,
BZ Ingenieurs & Managers,,https://www.bzim.nl/,logos/f1f3f5c4c1e8d40fed2bb3ebaa4dc2343bd401fd7b1666857fe6f835d0e7cf1c.svg,,,,,,,,,"BZ voert deskundig onderzoek uit, geeft onderbouwd advies en begeleidt projecten op gebied van waterveiligheid en waterbeheer. We doen dit vanuit een technische en organisatorische invalshoek. Want bij ons werken ingenieurs met een brede blik en projectmanagers met een technische achtergrond.",,,,,,,,,,,,Earth Observation Applications,All,,,,,,,,,,,,,,,,,,,,,,,,
Caeli,,https://www.caeli.nl/,logos/cb8a6139aadd6da74c4647aaa5d1cf5f6e9dafc952cbcfb7bc162043b4977143.svg,https://twitter.com/Caeli_lucht,,,,,,,,Caeli provides near real-time satellite data that provides insight into the composition of the air. With this data Caeli literally maps out the air quality. This map provides insight into the average values of gas in finely meshed areas and also shows local sources of pollution.,,,,,,,,,,,,Earth Observation Applications,All,,,,,,,,,,,,,,,,,,,,,,,,
Capable BV,,https://capable.nl/,,,,,,,,,,We develop customer-specific specialty cables and connectors as well as systems for a broad diversity of applications in high-tech environments,,,,,,,,,,,,Subsystems & Components,All,,,,,,,,,,,,,,,,,,,,,,,,
Carble,,https://www.carble.co/,,,,,,,,,,"Carble helps coffee brands understand how much carbon is stored by their farmers, and rewards them for storing even more. Carble’s approach combines the precision of manual field measurements with the scalability of aerial analysis and digital payments. The result: the most scalable, accurate and effective way to reduce coffee’s climate footprint ánd poverty with a single investment.",,,,,,,,,,,,Earth Observation Applications,All,,,,,,,,,,,,,,,,,,,,,,,,
Carthago Consultancy,,http://www.carthago.nl/,logos/f20c14aabb0b23d10e2260b9d6248616d8a6c3c41206846d13a8e36b0d5988ab.svg,,,,,,,,,"During 25 years as an integrated water management consultant, I came to realize the importance of the interaction between the engineering world and the human world of livelihood of local communities.",,,,,,,,,,,,Space Consultancy,All,,,,,,,,,,,,,,,,,,,,,,,,
Celestia Satellite Test & Simulation BV,,https://celestia-sts.com/,,,,,,,,,,,,,,,,,,,,,,Engineering & Test Services,All,,,,,,,,,,,,,,,,,,,,,,,,
Celestia STS,,http://celestia-sts.com,logos/8e45eb3bcb4e3be156c933a1b5ca44265602db86277fc73878656c3953c51573.svg,,,,,,,,,"Celestia STS delivers RF, antenna and payload test systems for satellites and launchers, supporting ESA, primes and operators.",,,,,,,,,,,,Engineering & Test Services,All,,,,,,,,,,,,,,,,,,,,,,,,
CGI Nederland,,https://www.cgi.com/nl/nl/ruimtevaart,logos/a313eb091065cc8fa886f5bb9c9495e6a192d40b9c23d372d944836234ffab5f.svg,https://twitter.com/cgi_nl,,,,,,,,"CGI heeft tientallen jaren ervaring in het ontwikkelen en beveiligen van complexe, missiekritische ruimtevaartapplicaties. Als erkend thought leader werken we nauw samen met de European Space Agency (ESA). Gebruikmakend van satellietdata, ontwikkelen we commerciële toepassingen voor verschillende markten.",,,,,,,,,,,,Data Analytics & Insights,All,,,,,,,,,,,,,,,,,,,,,,,,
Cittamap,,https://cittamap.com/,,https://twitter.com/cittamap,,,,,,,,"We provide data insights to create climate resilient infrastructure, using geospatial AI, and nature based adaptation solutions integrated into your workflow.",,,,,,,,,,,,Earth Observation Applications,All,,,,,,,,,,,,,,,,,,,,,,,,
Claassens Defense & Space Consultancy,,https://zeta-solutions.nl,,,,,,,,,,With over 40 years of experience initiated a consultancy firm to help interested parties start working on Defense and Space market,,,,,,,,,,,,Space Consultancy,All,,,,,,,,,,,,,,,,,,,,,,,,
Clemessy,,https://www.clemessy.com/en/market-expertise/space,logos/90e09a964fa538fedc9b69aa97d1b789b93fe10bfb1c3989aac0812a400934c9.svg,,,,,,,,,Clemessy provides solutions and services in the space and aerospace domain; details can be found on the company's website.,,,,,,,,,,,,Other Space Data Applications,All,,,,,,,,,,,,,,,,,,,,,,,,
Cobra Groeninzicht,,https://www.cobra-groeninzicht.nl/,logos/3502c6cd0761d17ef4955c8d6f59c96274cbf52b1c3dd0f1322d4ec5484a945a.svg,,,,,,,,,"Cobra is een ingenieursbureau van aanpakkers en doorzetters. Wij werken door heel Nederland. Voor gemeenten, provincies, waterschappen, bedrijven, ontwikkelaars en non-profit organisaties. Inzicht geven in de groene leefomgeving van morgen, daar stropen wij iedere dag onze mouwen voor op.",,,,,,,,,,,,Earth Observation Applications,All,,,,,,,,,,,,,,,,,,,,,,,,
Collins Aerospace (Dutch Thermoplastcs Components),,https://zeta-solutions.nl,,https://twitter.com/collinsaero,,,,,,,,"Through its acquisition of Dutch Thermoplastic Components, Collins Aerospace has for more than 20 years, operated in the epicenter of thermoplastic composite technology.",,,,,,,,,,,,Subsystems & Components,All,,,,,,,,,,,,,,,,,,,,,,,,
Cosine,,http://cosine.nl,logos/9043cb377e846f33659013ca2567658345e71b7836c839bda053585405137d22.svg,,,,,,,,,"cosine develops optical payloads and sensors for Earth observation and science missions, from design and assembly to calibration and verification.",,,,,,,,,,,,Subsystems & Components,All,,,,,,,,,,,,,,,,,,,,,,,,
Cosine Measurement Systems,,https://www.cosine.nl/,logos/9043cb377e846f33659013ca2567658345e71b7836c839bda053585405137d22.svg,,,,,,,,,"cosine is a Dutch company that develops and builds optical and in-situ measurement systems for space, air and ground use. Based in the Netherlands, our building houses cleanrooms, assembly, testing and production facilities.",,,,,,,,,,,,Subsystems & Components,All,,,,,,,,,,,,,,,,,,,,,,,,
Dacom,,https://www.dacom.nl/,logos/d8533d671d263d19d3df98d69b5edced9c4827dda82621265671a83f02d5870a.svg,https://twitter.com/DacomNederland,,,,,,,,Wij geven boeren inzicht in data over hun teelt en percelen. Zo maken onze klanten dagelijks betere teeltbeslissingen.,,,,,,,,,,,,Earth Observation Applications,All,,,,,,,,,,,,,,,,,,,,,,,,
Datacraft,,https://datacraft.nl/,,,,,,,,,,"Independent professional in the field of Earth observation and geo-information services as business developer, innovation manager and proposal manager. I help end-users of Earth observation data, geo-information providers and value adders",,,,,,,,,,,,Data Analytics & Insights,All,,,,,,,,,,,,,,,,,,,,,,,,
Dawn Aerospace,,https://www.dawnaerospace.com/,logos/e6429e2645fa21b8b9ba85eb0a9c83cdbe546c8d58eb526d1cec0b95a0e1cb38.svg,https://twitter.com/DawnAerospace,,,,,,,,Green propulsion that every satellite can use,,,,,,,,,,,,Propulsion,All,,,,,,,,,,,,,,,,,,,,,,,,
Dedicated Drones,,https://dedicateddrones.nl,,,,,,,,,,"Dedicated Drones develops and delivers drone systems and services for inspection, mapping, security and other industrial applications, integrating hardware, software and operations.",,,,,,,,,,,,Drone/UAV Mapping,All,,,,,,,,,,,,,,,,,,,,,,,,
Delfly,,https://delfly.nl,logos/3b02f0d7e302e3b30eb5f50f2c606b0f274f82d9a87770c0e5c66111e1125387.svg,,,,,,,,,Delfly provides solutions and services in the space and aerospace domain; details can be found on the company's website.,,,,,,,,,,,,Other Space Data Applications,All,,,,,,,,,,,,,,,,,,,,,,,,
Delft Aerospace Rocket Engineering,,https://dare.tudelft.nl/,logos/4a7225baefcc81dd8365ae02a43cb55eefdd9a50907f2b7b3db991854ed24111.svg,,,,,,,,,Delft Aerospace Rocket Engineering provides solutions and services in the space and aerospace domain; details can be found on the company's website.,,,,,,,,,,,,Other Space Data Applications,All,,,,,,,,,,,,,,,,,,,,,,,,
Delft Dynamics,,https://delftdynamics.nl,logos/91e7014508f5dc8a835472ef27047f569766becb936c2e5dad5c29ab25822207.svg,,,,,,,,,"Delft Dynamics develops and delivers professional UAV systems and tethered drone solutions for security, inspection and situational awareness.",,,,,,,,,,,,Drone/UAV Mapping,All,,,,,,,,,,,,,,,,,,,,,,,,
Delta-Utec,,https://www.delta-utec.nl/,logos/28ef832aae80eed640f039350bdae8fd69dfcc657e3afdd32a69f1fe21e5a5ce.svg,,,,,,,,,"Delta-Utec is a Dutch space technology R&D company specialized in satellite (systems) design, systems engineering, simulations and space education.",,,,,,,,,,,,Space Consultancy,All,,,,,,,,,,,,,,,,,,,,,,,,
Deltares,,https://www.deltares.nl/,logos/0008c3fceab00d75e1bf225e187b9c7d5c3ad4c50003f2d4dd68772bd3d742bc.svg,https://www.twitter.com/DeltaresNL,,,,,,,,Deltares is een onafhankelijk instituut voor toegepast onderzoek op het gebied van water en ondergrond.,,,,,,,,,,,,Earth Observation Applications,All,,,,,,,,,,,,,,,,,,,,,,,,
DEMCON,,https://demcon.com/nl/market/aerospace/,logos/023c89642c17b85dd08f511f259d0d9b4996b131ca0af89ee989c8ad9ea3112a.svg,,,,,,,,,DEMCON provides solutions and services in the space and aerospace domain; details can be found on the company's website.,,,,,,,,,,,,Other Space Data Applications,All,,,,,,,,,,,,,,,,,,,,,,,,
Demcon-Kryoz,,https://www.demcon-kryoz.nl/,logos/3d4fd0c558226271780558d7d150412868bd42a7f8be4f07fab52aa440722ed5.svg,,,,,,,,,DEMCON kryoz: the market standard in custom and off-the-shelf innovative cooling systems.,,,,,,,,,,,,Subsystems & Components,All,,,,,,,,,,,,,,,,,,,,,,,,
DJI Europe,,https://www.dji.com/nl,logos/283ad7216dcaa3baa0acbd78f087d58bc2ba24aa2b303a2b9ee0ccd5b3948934.svg,,,,,,,,,DJI Europe provides solutions and services in the space and aerospace domain; details can be found on the company's website.,,,,,,,,,,,,Other Space Data Applications,All,,,,,,,,,,,,,,,,,,,,,,,,
Dotspace Foundation,,https://groundstation.space,logos/dfa5b0edfd9813d1f1b1ed489da7b65aac78b156af105aa09a09b6b23f03421a.svg,https://twitter.com/dot_space,,,,,,,,"dotSPACE is a not-for-profit foundation. An open-innovation network for geodata-based innovation. We are focused on education, exploration & creation with remote sensing technologies. In today’s data-driven world, it is important to explore the possibilities and the future opportunities of remote sensing. We exchange knowledge and ideas, foster entrepreneurship and collaborate to develop new initiatives. The foundation supports development of new solutions and pushes the boundaries of what is possible with earth observation data.",,,,,,,,,,,,Space Consultancy,All,,,,,,,,,,,,,,,,,,,,,,,,
DroneVolt,,https://dronevolt.nl,,,,,,,,,,"DroneVolt develops and delivers drone systems and services for inspection, mapping, security and other industrial applications, integrating hardware, software and operations.",,,,,,,,,,,,Drone/UAV Mapping,All,,,,,,,,,,,,,,,,,,,,,,,,
Dutch Drone Academy,,https://dutchdroneacademy.com,logos/f51483882024bad886175c54e30a3552d08e0ff6be83f7d2cd85e56756cb7ea0.svg,,,,,,,,,"Dutch Drone Academy develops and delivers drone systems and services for inspection, mapping, security and other industrial applications, integrating hardware, software and operations.",,,,,,,,,,,,Drone/UAV Mapping,All,,,,,,,,,,,,,,,,,,,,,,,,
Dutch Drone Company,,https://ddc.works,logos/0011b5f060411f9d55a5da7d9a0fb6269c57d2ba6925a3b4aaae72e45967efa7.svg,,,,,,,,,"Dutch Drone Company develops and delivers drone systems and services for inspection, mapping, security and other industrial applications, integrating hardware, software and operations.",,,,,,,,,,,,Drone/UAV Mapping,All,,,,,,,,,,,,,,,,,,,,,,,,
Dutch Drone Survey,,https://dutchdronesurvey.nl,logos/fc3a44943b79bbf0cda9046801f7ae6c7519b19d72a3bc078ed84b4eea87bd89.svg,,,,,,,,,"Dutch Drone Survey develops and delivers drone systems and services for inspection, mapping, security and other industrial applications, integrating hardware, software and operations.",,,,,,,,,,,,Drone/UAV Mapping,All,,,,,,,,,,,,,,,,,,,,,,,,
Dutch Flight Academy,,https://droneflightacademy.eu,logos/503ad32fc72cc68d81612e33081b66eaa40cc342a0faa8816f39e073a6274b4a.svg,,,,,,,,,"Dutch Flight Academy develops and delivers drone systems and services for inspection, mapping, security and other industrial applications, integrating hardware, software and operations.",,,,,,,,,,,,Drone/UAV Mapping,All,,,,,,,,,,,,,,,,,,,,,,,,
Dutch United Instruments,,https://dutchunitedinstruments.com/,logos/52f9c517f61aa5c381ffcf97f1cbd6d2ae26615b630d467902b1b42c28e69994.svg,,,,,,,,,Dutch United Instruments provides solutions and services in the space and aerospace domain; details can be found on the company's website.,,,,,,,,,,,,Other Space Data Applications,All,,,,,,,,,,,,,,,,,,,,,,,,
Earsmus Universiteit,,https://zeta-solutions.nl,,,,,,,,,,,,,,,,,,,,,,Space Education,All,,,,,,,,,,,,,,,,,,,,,,,,
ECM Technologies BV,,http://electrochemicalmachining.com/,logos/ab2d1943b924c119703c76fe012e6bfbfc182634e2d630a054e95e4bc6059f6a.svg,,,,,,,,,ECM Technologies offers the full spectrum of services needed for a product to be machined with pECM: from conducting customized R&D to manufacturing the part.,,,,,,,,,,,,Engineering & Test Services,All,,,,,,,,,,,,,,,,,,,,,,,,
Ecosmic,,https://ecosmic.nl/,,,,,,,,,,Ecosmic is a consultancy start-up that aims at supporting space industries that are willing to decrease their environmental impact.,,,,,,,,,,,,Space Consultancy,All,,,,,,,,,,,,,,,,,,,,,,,,
eFarmer,,https://www.efarmer.nl/,logos/3c78926c06733bd3e4ace99b210549b2b74888f2fc7a47a889f6511c9b6ef23a.svg,,,,,,,,,Precision agriculture technology for all the farmers in the world,,,,,,,,,,,,Location-based Services,All,,,,,,,,,,,,,,,,,,,,,,,,
eLeaf,,https://eleaf.com/,logos/e9bb8eff26c073d9c1946f5c9be92d1d683a365cae3c8d8a672839de285208dd.svg,,,,,,,,,"eLEAF provides satellite based applications and data to optimise crop production and water management. Proven by our track record of over 20 years, it doesn’t matter whether you are managing a multinational agro-holding or developing complex water management policies, our state-of-the-art products will provide an extra dimension and support you to optimise your outputs.",,,,,,,,,,,,Earth Observation Applications,All,,,,,,,,,,,,,,,,,,,,,,,,
Ellipsis Drive,,https://ellipsis-drive.com/,logos/ca53960ad93a74e9cf3f3922618496507a10ad94cc6acb3c778132d8496b6d9e.svg,https://twitter.com/ellipsisdrive/,,,,,,,,"We make your spatial data and analytics products as easy to manage, share and collaborate on as any text document in a regular drive. Ellipsis Drive converts uploaded spatial data files into beautiful live maps and web services.",,,,,,,,,,,,Data Analytics & Insights,All,,,,,,,,,,,,,,,,,,,,,,,,
ESA Estec,,https://zeta-solutions.nl,logos/6a92c13453f9cab31b0e7c0357036d26d1a146a1a7be790271d248859536017f.svg,,,,,,,,,,,,,,,,,,,,,Engineering & Test Services,All,,,,,,,,,,,,,,,,,,,,,,,,
ESA-ESTEC,,https://www.esa.int/About_Us/ESTEC,logos/6a92c13453f9cab31b0e7c0357036d26d1a146a1a7be790271d248859536017f.svg,,,,,,,,,"ESA’s European Space Research and Technology Centre (ESTEC) is the technical heart of ESA, providing test facilities and engineering support for European missions.",,,,,,,,,,,,"Research, Innovation and Incubation",All,,,,,,,,,,,,,,,,,,,,,,,,
Esero Nederland,,https://zeta-solutions.nl,,,,,,,,,,,,,,,,,,,,,,Space Education,All,,,,,,,,,,,,,,,,,,,,,,,,
ESRI,,https://www.esri.nl/nl-nl/home,logos/768761cbb24b618b48f8e0b1dd8bff7ac80369746105732c6d02d53863c6b457.svg,https://twitter.com/esrinederland,,,,,,,,"Esri, marktleider in geografische informatiesystemen (GIS), vormt een wereldwijd netwerk met ruim 1 miljoen succesvolle gebruikers. Onze oplossingen bestaan uit een combinatie van softwareontwikkeling, uitgebreide dienstverlening en kennisoverdracht.",,,,,,,,,,,,Data Analytics & Insights,All,,,,,,,,,,,,,,,,,,,,,,,,
Euro Drone Inspections,,https://euro-drone-inspections.eu,logos/4e4c73aa93f97fd7b43381e4dd85d3f5398e80a41af1849ed719099080aa84e4.svg,,,,,,,,,"Euro Drone Inspections develops and delivers drone systems and services for inspection, mapping, security and other industrial applications, integrating hardware, software and operations.",,,,,,,,,,,,Drone/UAV Mapping,All,,,,,,,,,,,,,,,,,,,,,,,,
European Test Services,,https://www.european-test-services.net/,,https://twitter.com/TestCentre,,,,,,,,"European Test Services (ETS) B.V. maintains and operates the environmental test centre of the European Space Agency (ESA) located in The Netherlands. ETS provides test facility services to industry and is active in mechanical testing, EMC testing, thermal vacuum testing, altitude simulation and more.",,,,,,,,,,,,Engineering & Test Services,All,,,,,,,,,,,,,,,,,,,,,,,,
Eurosense BV (The Netherlands),,https://www.eurosense.com/,logos/0ee85bb2709d0855ae66ced725605bbfc39db8a1ba7f7930013355ade20d1d8c.svg,,,,,,,,,"Eurosense is one of the leading aerial surveying, remote sensing and geo-data companies in Europe, with headquarters in Belgium.",,,,,,,,,,,,Earth Observation Applications,All,,,,,,,,,,,,,,,,,,,,,,,,
EUSPA GRC,,https://zeta-solutions.nl,,,,,,,,,,Galileo Reference Centre,,,,,,,,,,,,Location-based Services,All,,,,,,,,,,,,,,,,,,,,,,,,
ExxFire,,https://exxfire.com/,logos/6127965aea45b567bff4bff558203bad98ce71931ebf37efb0e503c7f3cfdedc.svg,,,,,,,,,,,,,,,,,,,,,Subsystems & Components,All,,,,,,,,,,,,,,,,,,,,,,,,
Eye On Orbit,,https://www.eyeonorbit.com/,logos/0de1ab99d76a18a1a2ee2d757e83a968b5164514e27420007c6b8641104b56e8.svg,,,,,,,,,"Eye On Orbit is devoted to bringing developments in space exploration and commerce to society and business. To the stars and beyond! Eye On Orbit  provides independent, reliable, creative and focused expertise to projects carried out by Space organizations worldwide, backed by its many years of experience in (system-) engineering of optomechanical space instrumentation.",,,,,,,,,,,,Space Consultancy,All,,,,,,,,,,,,,,,,,,,,,,,,
Falcker Innovations,,https://falcker.com,logos/e6fcfdeadc1de5113c9c6fefe7e67664d914e8171a7c8ee8f3a6f5636dbaff5f.svg,,,,,,,,,Falcker Innovations provides solutions and services in the space and aerospace domain; details can be found on the company's website.,,,,,,,,,,,,Other Space Data Applications,All,,,,,,,,,,,,,,,,,,,,,,,,
First Element,,https://www.element.nl/,logos/f93f6149279f9b3a5095038ed918403af9ddc0742a4143e4d943d471c8551bc7.svg,,,,,,,,,"First Element maakt GIS die werkt voor u. Een geografisch inzicht in uw bedrijf, klanten en markten mét praktische toepassingen.
Wij noemen dat de Geo Added Value.",,,,,,,,,,,,Earth Observation Applications,All,,,,,,,,,,,,,,,,,,,,,,,,
Flapper Drones,,https://flapper-drones.com/,logos/7c4e62194bc0dea34f177037e7318c600701fb22fadbeb5572fe56f9b6112f93.svg,https://twitter.com/Flapper_Drones,,,,,,,,Immerse yourself in the universe of bioinspired flight. We develop drones for recreational and entertainment purposes.,,,,,,,,,,,,Drone/UAV Mapping,All,,,,,,,,,,,,,,,,,,,,,,,,
Free Space Optics Instruments,,https://www.fso-instruments.nl/,logos/b011bbe447138c35b6f29d55a60e27e57316c94be6e1e4e4d32642d1e0c2fd6a.svg,,,,,,,,,Free Space Optics Instruments provides solutions and services in the space and aerospace domain; details can be found on the company's website.,,,,,,,,,,,,Other Space Data Applications,All,,,,,,,,,,,,,,,,,,,,,,,,
Fugro (Seastar),,https://www.fugro.com/,logos/bb09325cbe1412242e31b81cbd3e148fecf16b54443d8befdcfe854827d12cee.svg,https://twitter.com/fugro,,,,,,,,"Fugro SeastarTM offers high performance positioning services, primarily to the offshore oil and gas industry.",,,,,,,,,,,,Location-based Services,All,,,,,,,,,,,,,,,,,,,,,,,,
Fusion Engineering,,https://fusion.engineering,logos/9e4ad71acbff1f5cb09aa4082ca6b95bd5f11cb058fbe04f1a3801e5ffd541b4.svg,,,,,,,,,Fusion Engineering provides solutions and services in the space and aerospace domain; details can be found on the company's website.,,,,,,,,,,,,Other Space Data Applications,All,,,,,,,,,,,,,,,,,,,,,,,,
Futurewater,,https://www.futurewater.nl/,logos/d193bf015ce64f65167d1ac973381fa3c1fa548c4b354e685c466d3d384a58ed.svg,https://twitter.com/FutureWaterNL,,,,,,,,"FutureWater is een onderzoek en adviesbureau dat wetenschappelijk onderzoek verbindt met praktische oplossingen voor waterbeheerders binnen en buiten Nederland. FutureWater’s activiteiten bestrijken zowel mondiale, nationale en lokale waterproblemen.",,,,,,,,,,,,Earth Observation Applications,All,,,,,,,,,,,,,,,,,,,,,,,,
Galileo Reference Centre,,https://www.gsc-europa.eu/sites/default/files/sites/all/files/GRC_Leaflet_V3_web.pdf,,,,,,,,,,The Galileo Reference Centre supports independent performance monitoring and reporting for the EU’s Galileo satellite navigation programme.,,,,,,,,,,,,Location-based Services,All,,,,,,,,,,,,,,,,,,,,,,,,
Geo4A,,https://www.geo4a.com/,logos/48a598c3c2d829ebc0d470136f03985e3f0178adfcfed1399bb1a28735c4d301.svg,,,,,,,,,"GEO4A develops information technology services for companies in the Agribusiness based on satellite data and offers near real-time insights on parcels, crops and regions to support decision making.",,,,,,,,,,,,Earth Observation Applications,All,,,,,,,,,,,,,,,,,,,,,,,,
GeoBusiness Nederland,,https://www.geobusiness.nl/,logos/d0875041cad9170226219f74411a66c3e56738c2590449a333eb5c4666d1330d.svg,http://twitter.com/#!/geobusinessnl,,,,,,,,GeoBusiness NL is de branchevereniging voor bedrijven die werken met geo-informatie.,,,,,,,,,,,,Industry and Professional Associations,All,,,,,,,,,,,,,,,,,,,,,,,,
GeoCat,,https://www.geocat.net/,logos/79d824d11f20594455c75c30a278a1cf740bc3b861920deaffb91213acb7e8ad.svg,https://twitter.com/geocat_bv,,,,,,,,"GeoCat offers cutting-edge, customized software and services that make publishing geospatial data on the Internet easier and more efficient. Operating in the fast growing market of Spatial Data Infrastructure (SDI) and geospatial-enabled technologies.",,,,,,,,,,,,Data Analytics & Insights,All,,,,,,,,,,,,,,,,,,,,,,,,
Geodan,,https://www.geodan.com/,logos/50b0ce1550478a1e3b6576b01f02bb32b1daaf9f3dac0a626b87257170cbca12.svg,https://twitter.com/GeodanNL,,,,,,,,"We developed the blueprint of our approach over 30 years ago: gathering information and displaying it simply in smart maps. By combining data such as company data, current traffic information, or historical data, for instance, we provide smart insights, better communication, more efficient processes, and smooth cooperation.",,,,,,,,,,,,Earth Observation Applications,All,,,,,,,,,,,,,,,,,,,,,,,,
Geonovum,,https://www.geonovum.nl/,logos/67cb923c0bab7d87a41fe8377f030bbbc76c71a5bcc41dbd9bfd75afef5d405b.svg,,,,,,,,,"Geonovum ontwikkelt de standaarden die nodig zijn om geo-informatie van de overheid toegankelijk en uitwisselbaar te maken. Ook helpen wij de overheid om geo-informatie beter te benutten, door haar te informeren over bestaande en nieuwe voorzieningen.",,,,,,,,,,,,Data Analytics & Insights,All,,,,,,,,,,,,,,,,,,,,,,,,
GeoRas,,https://www.georas.nl/,,,,,,,,,,"Since 1991, GeoRas has been one of the first leading companies in the field of integrated GIS, remote sensing and photogrammetry in The Netherlands.",,,,,,,,,,,,Earth Observation Applications,All,,,,,,,,,,,,,,,,,,,,,,,,
Geosense,,https://www.geosense.nl/,logos/c4aac2aa0fadba87ca80dd60afa8f179aa4f65abcd489e570f6aa7e8534925e6.svg,,,,,,,,,"Geosense is a reputable independent geological remote sensing consultancy that has gained global recognition for its top-quality remote sensing services. Over the last 30 years we have built up a unique experience in the use of satellite, airborne and ground based remote sensing technology and interpretations for both mining and mineral exploration, as well as O&G exploration.",,,,,,,,,,,,Earth Observation Applications,All,,,,,,,,,,,,,,,,,,,,,,,,
Geronimo.ai,,https://geronimo.ai/,logos/11a941c556a423e4a221333a460e0e7fd3a83e1936e6653d5b63c0a01dbb6d7e.svg,,,,,,,,,Geronimo.AI designs and creates state-of-the-art AI solutions for your business challenges: RoadMapp predicts the quality of roads and CropMapp detects crops around the world.,,,,,,,,,,,,Earth Observation Applications,All,,,,,,,,,,,,,,,,,,,,,,,,
GKN Aerospace (was Fokker),,https://www.gknaerospace.com/,logos/dd144779bef8b2b27a63f6d2c1e3c16775de9476db82f6cdb237762bd7b8f697.svg,https://twitter.com/GKNAero,,,,,,,,GKN Aerospace is a global business with facilities in 12 countries.,,,,,,,,,,,,Subsystems & Components,All,,,,,,,,,,,,,,,,,,,,,,,,
Global Drone Inspection,,https://drone-inspection.global,,,,,,,,,,"Global Drone Inspection develops and delivers drone systems and services for inspection, mapping, security and other industrial applications, integrating hardware, software and operations.",,,,,,,,,,,,Drone/UAV Mapping,All,,,,,,,,,,,,,,,,,,,,,,,,
GreenCityWatch,,https://www.greencitywatch.org/,,https://twitter.com/GreenCityWatch,,,,,,,,"We are an open-source geoAI collective building geospatial software to map, monitor, and manage urban trees.",,,,,,,,,,,,Earth Observation Applications,All,,,,,,,,,,,,,,,,,,,,,,,,
GTM Advanced Structures,,https://gtm-as.com/,logos/2d84c5cd6411033d29b8c0affba2fbfdb2f6e27fbdf2b2985f820987d3546975.svg,,,,,,,,,WE HELP COMPANIES TO REALIZE ADVANCED AEROSPACE STRUCTURES. Manufacturing dedicated parts & components and providing full support in R&D.,,,,,,,,,,,,Subsystems & Components,All,,,,,,,,,,,,,,,,,,,,,,,,
HDES,,https://hdes.nl/,logos/61cce767db7c935a6d3aabc61cf770f454417dd0595f4ec838677b1ac4f17b00.svg,,,,,,,,,The High Density Energy Systems (HDES) Service & Engineering BV is a Dutch Engineering and Consultancy company that develops products using pneumatic and electrical energy storage technologies for remote and rescue applications.,,,,,,,,,,,,Subsystems & Components,All,,,,,,,,,,,,,,,,,,,,,,,,
HE Space,,https://hespace.com,logos/8c439c961deeca82dec41fa3430916b021a9de4f46454ac4a5b0798ac94ab634.svg,,,,,,,,,"HE Space provides recruitment and staffing services for the space sector, supporting agencies and primes with engineering and operations talent.",,,,,,,,,,,,Space Recruitment,All,,,,,,,,,,,,,,,,,,,,,,,,
Head Communications,,https://headcommunications.com/,,https://twitter.com/Head_Comm,,,,,,,,"Our proprietary data encoding reduces network latency to send data up to 5 time faster than traditional means with 100% fidelity. This means 'real' time, not 10 minutes or an hour later. Our company provides this real time access to life as a cloud or enterprise solution for a variety of stakeholders in 3 product segments.",,,,,,,,,,,,Location-based Services,All,,,,,,,,,,,,,,,,,,,,,,,,
Heliuspace,,https://www.heliuspace.com/,,https://twitter.com/HeliuSpace,,,,,,,,HeliuSpace is shortening lengthy space launch turnaround times by introducing a modular and re-usable rocket engine with single-stage-to-orbit capabilities. Allowing launch service providers to refurbish their launch vehicles faster between launches so that they may rapidly launch more of their customers’ satellites.,,,,,,,,,,,,Propulsion,All,,,,,,,,,,,,,,,,,,,,,,,,
Here,,https://www.here.com/,logos/e38d001264806882c3fbe6879552fffc32fc795216241e910e7c3d09f09266af.svg,https://twitter.com/HERE,,,,,,,,"HERE Technologies (trading as HERE) is a multinational group dealing with mapping, location data and related automotive services to individuals and companies. It is majority-owned by a consortium of German automotive companies (namely Audi, BMW, Daimler) and American semiconductor company Intel whilst other companies also own minority stakes. Its roots date back to U.S.-based Navteq in 1985, which was acquired by Finland-based Nokia in 2007. HERE is currently based in The Netherlands",,,,,,,,,,,,Location-based Services,All,,,,,,,,,,,,,,,,,,,,,,,,
Hermess,,https://www.hermess.nl/,logos/fb451bbb79b02dc33435994f5db7e79b16b5b861e71e23c58f7154f2bd718a2e.svg,,,,,,,,,"HERMESS provides expertise and environmental data to support operations at sea, development of renewable energy both onshore and offshore, and optimization in the agrofood chain.",,,,,,,,,,,,Earth Observation Applications,All,,,,,,,,,,,,,,,,,,,,,,,,
Hiber,,https://hiber.global/,logos/880af359f36a189dadde037946440d63f7d40c9968798f110b1c2abd90689fa9.svg,https://twitter.com/HiberGlobal,,,,,,,,"Amsterdam-based Hiber offers LoRa and LoRaWAN IoT solutions for monitoring and managing fleets, devices, and infrastructure.",,,,,,,,,,,,Subsystems & Components,All,,,,,,,,,,,,,,,,,,,,,,,,
High Density Energy Storage,,https://hdes.nl/,logos/61cce767db7c935a6d3aabc61cf770f454417dd0595f4ec838677b1ac4f17b00.svg,,,,,,,,,High Density Energy Storage provides solutions and services in the space and aerospace domain; details can be found on the company's website.,,,,,,,,,,,,Other Space Data Applications,All,,,,,,,,,,,,,,,,,,,,,,,,
High Eye,,https://higheye.com,logos/681f57bd9ac4c19047f06a5b7c250fd39bde17961d540d9f267d0d1180a87d71.svg,,,,,,,,,High Eye provides solutions and services in the space and aerospace domain; details can be found on the company's website.,,,,,,,,,,,,Other Space Data Applications,All,,,,,,,,,,,,,,,,,,,,,,,,
HiView,,https://www.hiview.nl/,logos/c4a91eb6ab4ee4f7f4c5606ed28ded47f5be892e9dfbfb9d9d5db42202a0358f.svg,https://twitter.com/HiViewNL,,,,,,,,HiView deploys a range of platforms on which various sensors (both in the visible and non-visible parts of the spectrum) can be mounted. Raw data is converted to information using various state-of-the-art software packages. Information is transferred to knowledge by our highly qualified scientific staff.,,,,,,,,,,,,Drone/UAV Mapping,All,,,,,,,,,,,,,,,,,,,,,,,,
HKV Lijn in Water,,https://www.hkv.nl/,logos/4fa6b8b1613577a0d4fdfdc043b20b76e61df19c214c213599c24f62475ec9c0.svg,,,,,,,,,"Het bieden van kwalitatief goede, duurzame, innovatieve en onafhankelijke oplossingen op het gebied van waterveiligheid en waterbeheer met advies, onderzoek en productontwikkeling.",,,,,,,,,,,,Space Consultancy,All,,,,,,,,,,,,,,,,,,,,,,,,
Hoefsloot Spatial Solutions,,https://hoefsloot.world/,logos/e886dcc01f2e50d87649bbf95d4ff1cc4d714b76ae9161c7486eb8110a820d96.svg,,,,,,,,,"We help answer questions in the field as diverse as agriculture, nature, development, disaster preparedness.",,,,,,,,,,,,Earth Observation Applications,All,,,,,,,,,,,,,,,,,,,,,,,,
Hogeschool Inholland,,https://zeta-solutions.nl,,,,,,,,,,,,,,,,,,,,,,Space Education,All,,,,,,,,,,,,,,,,,,,,,,,,
HQspace,,https://www.hqspace.nl/,logos/55fc257e11d1977bc9ca350cf09b0ff4cae404ad37c721e884c4f4f47f7544b7.svg,,,,,,,,,"HQspace stands for providing High Quality engineering services for the space sector. With background and experience in space system engineering and operations engineering, HQspace can help space companies with the planning, reviewing and execution of AIT, operations and projects in general. Fueled by a strong desire to deliver detailed, complete and sustainable solution and products, HQspace will help you to get things done first time right.",,,,,,,,,,,,Space Consultancy,All,,,,,,,,,,,,,,,,,,,,,,,,
HTM Technologies,,https://htm-technologies.com/,logos/5c18e8f07d4bef0714b0ef6efbf858fbd6acdf8d1b518e234fd4695bd2addc5b.svg,,,,,,,,,"HTM Technologies is a world class supplier of high quality technical products made by precision machining as turning, milling, flat and cylindrical grinding, lapping, sheet metal machining, large machining and module assembly.",,,,,,,,,,,,Subsystems & Components,All,,,,,,,,,,,,,,,,,,,,,,,,
Hydrologic,,https://www.hydrologic.com/,logos/4e06f40f119ec987d82ca96b9feb354643a1d1a7e5bd7040c5640ded27aec67b.svg,https://twitter.com/HydroNETGlobal,,,,,,,,"HydroLogic has over 20 years of experience in consultancy, research and product development. It is our mission to empower water managers with smart solutions and provide reliable data, simulation models, hydrology tools, user-friendly software and in-depth water knowledge to help them with their water safety and water security tasks.",,,,,,,,,,,,Earth Observation Applications,All,,,,,,,,,,,,,,,,,,,,,,,,
Hydron energy,,https://hydron-energy.com/,,,,,,,,,,Hydron Energy manufactures advanced electrochemical membrane modules (stacks) for hydrogen production equipment based on the water electrolysis process.,,,,,,,,,,,,Subsystems & Components,All,,,,,,,,,,,,,,,,,,,,,,,,
Icecubes,,https://www.icecubesservice.com/services/,,,,,,,,,,Icecubes provides solutions and services in the space and aerospace domain; details can be found on the company's website.,,,,,,,,,,,,Other Space Data Applications,All,,,,,,,,,,,,,,,,,,,,,,,,
IGP,,https://igp.net/,logos/60bb3685044dcc8d4b585e55a989d69037896d441837ca367aaad676ec0a8db5.svg,,,,,,,,,"IGP develops and manufactures highly advanced, reliable, automated SNG and fixed antenna systems for C, Ku and Ka band. Ideal for trouble-free DVB and IP satellite transmissions.",,,,,,,,,,,,Satellite Communication,All,,,,,,,,,,,,,,,,,,,,,,,,
IGRAC International Groundwater Resources Assessment Centre,,https://www.un-igrac.org/,logos/446c5e34d6edd4ab4b4d126643fa7d1192c0d9df44a705039fe6cfe5d6ce47a2.svg,https://twitter.com/unigrac,,,,,,,,"IGRAC, the International Groundwater Resources Assessment Centre, is a UNESCO centre that works under auspices of WMO and is supported by the Government of The Netherlands. IGRAC specialises in regional- and transboundary-level assessment and monitoring of groundwater resources with a focus on managed aquifer recharge, groundwater governance and SIDS.",,,,,,,,,,,,Earth Observation Applications,All,,,,,,,,,,,,,,,,,,,,,,,,
IIASL,,https://zeta-solutions.nl,,,,,,,,,,,,,,,,,,,,,,Space Education,All,,,,,,,,,,,,,,,,,,,,,,,,
Imagem,,https://www.imagemnl.com/,logos/8b3fb69e5a9aea043ace8cae12bc3b5ae1ab6db0b71792a6d1c761120ae3e1f7.svg,https://twitter.com/ImagemNL,,,,,,,,"We automate your processes by infusing innovation with location-data under the hood, so you can focus on the important issues. Address what matters by making your data and systems work for you.",,,,,,,,,,,,Earth Observation Applications,All,,,,,,,,,,,,,,,,,,,,,,,,
Imara,,https://imara.earth/,,,,,,,,,,Geodata gives us insight in where we can find this balance. It shows us what the landscape needs and the influence of people over space and time. This is necessary to provide a sustainable future for us,,,,,,,,,,,,Earth Observation Applications,All,,,,,,,,,,,,,,,,,,,,,,,,
Infoplaza,,https://www.infoplaza.nl/,logos/ff281eedb88cc89b70fdf31488962ba9e6bdabaeab7f1ddfba5411ecd05bef5e.svg,,,,,,,,,"Onze missie is om mensen en organisaties te helpen beslissen met de juiste informatie voor ieder punt. Met ons enthousiaste team van professionals en nieuwste technologieën zijn we relevant in uw vraagstukken. Onze informatie is nauwkeurig, beslissend, ultra lokaal en tijdig. Of het nu op land, op zee, op de weg of in de atmosfeer is; in het verleden, heden, toekomst of in trends… onze informatie is… to the point.",,,,,,,,,,,,Earth Observation Applications,All,,,,,,,,,,,,,,,,,,,,,,,,
InHolland Space Minor,,https://www.inholland.nl/nieuws/nieuwe-space-minor-leidt-studenten-op-tot-toekomstige-space-engineers/,logos/40ea0a590959317fe14a26e06913e0d7db6611961e7c04135ea8334c71951542.svg,,,,,,,,,InHolland Space Minor provides solutions and services in the space and aerospace domain; details can be found on the company's website.,,,,,,,,,,,,Other Space Data Applications,All,,,,,,,,,,,,,,,,,,,,,,,,
Inmarsat,,https://www.inmarsat.com/,logos/db8070514ef8664be0b3411be1b33c3ae26d46f3d42d80fe3ea76dba8527d49f.svg,https://twitter.com/InmarsatGlobal,,,,,,,,"Inmarsat has led the way in global mobile satellite communications for over 40 years. We solve the toughest connectivity challenges of our customers, anywhere in the world.",,,,,,,,,,,,Satellite Operations,All,,,,,,,,,,,,,,,,,,,,,,,,
Innovation Quarter,,https://zeta-solutions.nl,,,,,,,,,,,,,,,,,,,,,,"Research, Innovation and Incubation",All,,,,,,,,,,,,,,,,,,,,,,,,
InTech,,http://www.intech.nl/,logos/0894f0e59c05daa7ef4b28eb8769116ecca5f4127cec2f984d1d4ab23830d4a0.svg,,,,,,,,,"InTech BV is een internationaal opererend ingenieursbureau dat diensten levert op het gebied Bodem, Milieu & Waterveiligheid.",,,,,,,,,,,,Earth Observation Applications,All,,,,,,,,,,,,,,,,,,,,,,,,
Intellian,,https://www.intelliantech.com/,logos/bdee24056ae174a0fcedb8c78b92627c85e93f0273ec334157bff526e5a4976b.svg,,,,,,,,,Intellian is leading the way with premium satellite communications systems featuring the most advanced innovative technology available. See how and where.,,,,,,,,,,,,Satellite Communication,All,,,,,,,,,,,,,,,,,,,,,,,,
Irriwatch,,https://www.irriwatch.com/,logos/ab9ac8c7e2509224b4644be7e8640c69788a48bd0100f746660db78811c30a5b.svg,https://twitter.com/IrriWatch,,,,,,,,"IrriWatch helps farmers and their irrigators to optimize irrigation water applications in a world of dynamical weather, soil and crop processes.",,,,,,,,,,,,Earth Observation Applications,All,,,,,,,,,,,,,,,,,,,,,,,,
ISIS,,https://www.isispace.nl/,logos/0fce765564f7ec7790bad6aef3496a92351ad6912127e7ade1ae4a4b80a8d3c9.svg,https://twitter.com/isis_space,,,,,,,,We specialize in realizing innovative turn-key small satellite missions including launch and operations for in-orbit delivery.,,,,,,,,,,,,Satellites,All,,,,,,,,,,,,,,,,,,,,,,,,
ISISPACE,,http://isispace.nl,logos/0fce765564f7ec7790bad6aef3496a92351ad6912127e7ade1ae4a4b80a8d3c9.svg,,,,,,,,,"ISISPACE designs, builds and operates small satellites and CubeSat missions, offering platforms, components and launch integration services.",,,,,,,,,,,,Satellites,All,,,,,,,,,,,,,,,,,,,,,,,,
ITC University of Twente,,https://zeta-solutions.nl,,,,,,,,,,,,,,,,,,,,,,Space Education,All,,,,,,,,,,,,,,,,,,,,,,,,
Just Drone,,https://justdrone.nl,,,,,,,,,,"Just Drone develops and delivers drone systems and services for inspection, mapping, security and other industrial applications, integrating hardware, software and operations.",,,,,,,,,,,,Drone/UAV Mapping,All,,,,,,,,,,,,,,,,,,,,,,,,
KEC Engineering Consultancy,,https://kec.nl/,logos/0e85db21c8abf6f299b2f0d1cf26f0ba79b46d086aafc6a18097fb63a203b446.svg,,,,,,,,,"Sinds 1995 onderscheidt KEC zich door haar integrale aanpak met aandacht voor techniek, organisatie en business. Daarbij combineert KEC state-of-the art technieken en methodieken met pragmatisme, waardoor innovaties snel tot nieuwe business leiden en high-tech projecten verwachtingen overtreffen.",,,,,,,,,,,,Space Consultancy,All,,,,,,,,,,,,,,,,,,,,,,,,
Kitepower,,https://kitepower.nl,logos/1d69ffb52622800475be45abb0b94bf3aea5d0bf65ad2ee582c618d7a43f5a61.svg,,,,,,,,,Kitepower develops airborne wind energy systems using tethered kites to generate renewable electricity and provide off‑grid power solutions.,,,,,,,,,,,,Subsystems & Components,All,,,,,,,,,,,,,,,,,,,,,,,,
KNMI,,https://knmi.nl/,logos/34a52850da5b912033664b91d3d71769d18dba13a08818e81d3dcf447f61509a.svg,,,,,,,,,"The Royal Netherlands Meteorological Institute (KNMI) is the Dutch national weather service. Primary tasks of KNMI are weather forecasting, and monitoring of weather, climate, air quality and seismic activity. KNMI is also the national research and information centre for meteorology, climate, air quality, and seismology.",,,,,,,,,,,,Earth Observation Applications,All,,,,,,,,,,,,,,,,,,,,,,,,
Kok & van Engelen Composite Structures (KVE),,https://www.kve.nl/,logos/90757dae039f1061a1f4994866154f6fb63d121a507727f975832e58d1340fbd.svg,,,,,,,,,"KVE is a unique design and build organization of high-end composite structures located in the Netherlands, supported by a well-established parent company Daher Aerospace.",,,,,,,,,,,,Subsystems & Components,All,,,,,,,,,,,,,,,,,,,,,,,,
Koninklijke Luchtmacht,,https://www.defensie.nl/organisatie/luchtmacht,logos/33318c64e49beee0812b1268f0106497230f67247dd5362dd826ff96bf33a5f3.svg,http://www.twitter.com/Kon_Luchtmacht,,,,,,,,"Wij zijn de Koninklijke Luchtmacht. Een klein team met veel ambitie en kracht. Elke dag, van vroeg tot laat, zijn wij actief op de grond en in de lucht.",,,,,,,,,,,,Government,All,,,,,,,,,,,,,,,,,,,,,,,,
Koppert Natutec Drone,,https://koppert.com,logos/5939ae59a08f6d38481794795af224e3143a6907c2e44cf515fcff8428bb834c.svg,,,,,,,,,"Koppert Natutec Drone develops and delivers drone systems and services for inspection, mapping, security and other industrial applications, integrating hardware, software and operations.",,,,,,,,,,,,Drone/UAV Mapping,All,,,,,,,,,,,,,,,,,,,,,,,,
KVE Composites,,https://kve.nl,logos/90757dae039f1061a1f4994866154f6fb63d121a507727f975832e58d1340fbd.svg,,,,,,,,,"KVE Composites designs and manufactures advanced components and structures for aerospace and high‑tech applications, with capabilities in materials, machining and qualification.",,,,,,,,,,,,Subsystems & Components,All,,,,,,,,,,,,,,,,,,,,,,,,
Leiden Institute for Air Law,,https://www.universiteitleiden.nl/en,logos/0b740f52ad5af7460cdb54eae8625de5ce19d1432b84bdd6550bd7dc2c459ef0.svg,,,,,,,,,Leiden University’s Institute of Air and Space Law advances research and education on aviation and space law and policy.,,,,,,,,,,,,Space Consultancy,All,,,,,,,,,,,,,,,,,,,,,,,,
Leidse Instrumentmakers School,,https://www.lis.nl/,logos/a46a0db900ec25cc758e802a23f453be46a1e5d99ff65b741c52463cc870d9ac.svg,,,,,,,,,"LIS provides vocational education for precision instruments and high‑tech manufacturing, supporting aerospace and other sectors.",,,,,,,,,,,,Space Education,All,,,,,,,,,,,,,,,,,,,,,,,,
Lencon Engineering,,https://www.lencon.nl/,logos/12c6f2284d26303c5c840b0fcf0782e430d9aaead073d4457e94ddf4c38c6133.svg,,,,,,,,,Al meer dan 20 jaar ontwikkelen en leveren we succesvolle producten voor start-ups & multinationals.,,,,,,,,,,,,Engineering & Test Services,All,,,,,,,,,,,,,,,,,,,,,,,,
Lens R&D,,https://lens-rnd.nl/,,,,,,,,,,Lens Research & Development is specialized in high reliable sun sensors for satellite and space applications. Learn more about the BiSon and MAUS sensors...,,,,,,,,,,,,Subsystems & Components,All,,,,,,,,,,,,,,,,,,,,,,,,
Leuveco,,https://www.leuveco.nl/,,,,,,,,,,"Leuveco B.V. is gespecialiseerd in kabel en connectors. Wij ontwikkelen, testen en fabriceren mechanische- elektrische- en elektronische componenten volgens klant specificaties.",,,,,,,,,,,,Subsystems & Components,All,,,,,,,,,,,,,,,,,,,,,,,,
LioniX International BV,,https://www.lionix-international.com/,logos/26bbaa22ba9383f939496d77480f8b0e555c07cba6230033537428805f8123cd.svg,https://twitter.com/LioniX_Int,,,,,,,,"LioniX International provides customized solutions for OEM’s and System Integrators, from design to fully assembled modules, by vertical integration",,,,,,,,,,,,Subsystems & Components,All,,,,,,,,,,,,,,,,,,,,,,,,
LIS Leidse Instrumentmakers School,,https://zeta-solutions.nl,,,,,,,,,,,,,,,,,,,,,,Space Education,All,,,,,,,,,,,,,,,,,,,,,,,,
Lunar Zebro,,https://zebro.space/,,,,,,,,,,Lunar Zebro provides solutions and services in the space and aerospace domain; details can be found on the company's website.,,,,,,,,,,,,Other Space Data Applications,All,,,,,,,,,,,,,,,,,,,,,,,,
M2Sat,,http://www.m2sat.com/,logos/38157ead272aa758100c62415003fbc2cb8c16e12e1070e215f16a082734d370.svg,,,,,,,,,"M2sat' focus is on developing sat-iot solutions for the public sector. We combine this with research and educational activities, using the latest knowhow on satellite IoT communications for the development of new and global applications.",,,,,,,,,,,,Space Consultancy,All,,,,,,,,,,,,,,,,,,,,,,,,
M4Sat,,http://www.m4sat.com/,logos/3129d955819e4a2308b8ea14449ac3f9f77c241174c19c5d806a5be5d2cc15fb.svg,,,,,,,,,"M4SAT was founded in 2011; The management has over 30 years of experience in the telecommunications industry, including 20 years in satellite communication. The last 15 years solely dedicated to the maritime VSAT market.",,,,,,,,,,,,Satellite Communication,All,,,,,,,,,,,,,,,,,,,,,,,,
Machinefabriek West End BV,,https://westendbv.nl/,logos/5c386d8ab1b5428d0f44d67d36fb6f598e2892047f0912f8b038cd02f997e0bd.svg,https://twitter.com/westendbv,,,,,,,,"West End produces the basis for innovation. High-Tech Industry faces constantly new challenges to innovate their products or processes. To support these innovations, West End supplies mechanical systems since 1947. Our ability to understand and transf...",,,,,,,,,,,,Subsystems & Components,All,,,,,,,,,,,,,,,,,,,,,,,,
Magion Industrial Software Solutions BV,,https://www.magion.nl/,logos/e3612ec72ff3211b23621fcd571a176afc9992799db93ad2779db22123272423.svg,,,,,,,,,"Als enthousiast team van technisch specialisten zetten wij de juiste technologische mogelijkheden in om bij te dragen aan een flexibele, efficiënte, duurzame en veilige productie bij onze klanten.",,,,,,,,,,,,Engineering & Test Services,All,,,,,,,,,,,,,,,,,,,,,,,,
Mainblades Inspection,,https://mainblades.com,logos/10e832a0376df8b5a64bc4f31e5ea4685c7cc091b27767611ee4ef04cae7658f.svg,,,,,,,,,"Mainblades Inspection develops and delivers drone systems and services for inspection, mapping, security and other industrial applications, integrating hardware, software and operations.",,,,,,,,,,,,Drone/UAV Mapping,All,,,,,,,,,,,,,,,,,,,,,,,,
Mapture.ai,,https://mapture.ai/,logos/69574bb50234c94728cd80701e232e7558a2029de00d227396f7da33e7197dcb.svg,,,,,,,,,"Over the past years, we have seen drones being used more and more for various applications. However, we believe that this is just the tip of the iceberg. The true potential of drones will be unleashed when they no longer require a drone-pilot. Drones are perfectly able to fly by themselves. Our drone-in-a-box solution offers completely automated data acquisition without the need for a drone-pilot.",,,,,,,,,,,,Drone/UAV Mapping,All,,,,,,,,,,,,,,,,,,,,,,,,
Marieke Baan Wetenschapscommunicatie,,http://mariekebaan.com/,logos/3f4a5b406be3a03558c2ee1372933de1b5cb75f511305403b9f8f9c3bc69e360.svg,https://twitter.com/mariekebaan,,,,,,,,Wetenschapscommunicatie,,,,,,,,,,,,Space Creative Services,All,,,,,,,,,,,,,,,,,,,,,,,,
Maris BV,,https://www.maris.nl/,logos/18970a62b690152e63705f690e810f0fe1e24cb410f54d95b98e1181bfac9424.svg,,,,,,,,,MARIS is highly involved in developing and operating Marine and Oceanographic Data Management services and networks on a pan-European scale.,,,,,,,,,,,,Earth Observation Applications,All,,,,,,,,,,,,,,,,,,,,,,,,
Marlink,,https://marlink.com/,logos/5249511dff36360c119335afb039bbf7a3f7298f93a8757db2306616ccdad8da.svg,https://twitter.com/marlink_news,,,,,,,,,,,,,,,,,,,,Satellite Communication,All,,,,,,,,,,,,,,,,,,,,,,,,
Marmoris,,https://marmoris.nl/,logos/22d41502f93baed5286599689ec5dd548b9da858cff94917f1c4f5b9e1b72d6f.svg,,,,,,,,,"Marmoris uses GIS, Remote Sensing and Artificial intelligence (GIS-RS-AI) to help stakeholders involved in coastal ecosystem conservation make data-driven decisions.. Our aim is to provide solutions that are relevant, easy to access, and offer actionable insights. This will allow stakeholders to increase the effectiveness of their work and lower their costs.",,,,,,,,,,,,Earth Observation Applications,All,,,,,,,,,,,,,,,,,,,,,,,,
Marshall Aerospace,,https://marshallaerospace.com,logos/75fa5d25b1a9434b8c3c7878785919a489601342f975b9d514e25ccd81282280.svg,,,,,,,,,"Marshall Aerospace designs and manufactures advanced components and structures for aerospace and high‑tech applications, with capabilities in materials, machining and qualification.",,,,,,,,,,,,Subsystems & Components,All,,,,,,,,,,,,,,,,,,,,,,,,
MBO College Airport,,https://mbocollegeairport.nl,,,,,,,,,,"MBO College Airport conducts research, education and innovation activities related to aerospace and/or unmanned systems, collaborating with industry and public partners.",,,,,,,,,,,,"Research, Innovation and Incubation",All,,,,,,,,,,,,,,,,,,,,,,,,
Meandair,,https://www.meandair.com/,logos/9287af143ccf813af943fcfcba90d07fdf73f965cc53d634171d28ea27ff6d6f.svg,https://twitter.com/radair4d,,,,,,,,Meandair nowcasting tools support pilots with near real-time awareness about the dynamic weather conditions ahead and with timely enough advice to optimize their routes for evolving weather conditions.,,,,,,,,,,,,Earth Observation Applications,All,,,,,,,,,,,,,,,,,,,,,,,,
MetaMeta,,https://metameta.nl/,logos/fa836c7e3082a6e1e8e1f091ea8ce00f1e94b4f26ab4e123a4b56a5c35d0f36d.svg,https://twitter.com/TheWaterChannel,,,,,,,,"MetaMeta is a social enterprise, deeply engaged in water and natural resources management. Our mission is to contribute with practical solutions for a better world and to introduce these at scale.",,,,,,,,,,,,Earth Observation Applications,All,,,,,,,,,,,,,,,,,,,,,,,,
MetaSensing,,https://metasensing.com/,logos/ba7fd8af79c5f2b6058a70f409fc394608a47c0018a199bed3962f3fb24eb5ae.svg,,,,,,,,,"MetaSensing provides both airborne and ground based sensors which can be fully customized in order to satisfy the customers' needs. The wide range of frequency bands adopted, including P-, L-, C-, X-, Ku- and a new Ka-band soon available, permitted to develop radar sensors for the most diverse applications: from Structure Monitoring to Oil Spill Detection, from Ship Tracking to Precipitation Monitoring. MetaSensing airborne SAR sensors are completely independent, compact and portable systems which allow accurate aerial mapping surveys by employing small, readily available and inexpensive aircraft, cutting down the campaign operational costs. The company applied the knowledge gathered in many years in the field of airborne SAR mapping also to ground based sensors, providing cost-effective and compact systems suitable for different applications: from structure monitoring to currents and sea waves observation but also weather radars which are specifically designed for urban areas. MetaSensing provides also services, such as data final processing, in order to supply the final user with completely integrated solutions.",,,,,,,,,,,,Subsystems & Components,All,,,,,,,,,,,,,,,,,,,,,,,,
Milan Innovincy,,https://m-innovincy.com/,,https://twitter.com/M_Innovincy,,,,,,,,"Milan InnoVincY is a leading company in creating winning eco systems together with it’s partners by utilizing Spationtemporal Analytics and integrated Information Management Systems. We create added value throughout the complete processing value chain in various areas of agriculture, water and spatial (city) development. With our joint dedicated domain knowledge on food, water and the environment as on enabling ICT technologies Milan InnoVincY can create solutions supporting directly your business.",,,,,,,,,,,,Data Analytics & Insights,All,,,,,,,,,,,,,,,,,,,,,,,,
MiraMap,,https://www.miramap.com/,logos/31ef556604e07934e403cce4550108e90e054cf7feb72283cec73afacd9aef21.svg,https://twitter.com/miramapNL,,,,,,,,Wij zijn specialisten op het gebied van remote sensing en aardobservatie oplossingen.,,,,,,,,,,,,Earth Observation Applications,All,,,,,,,,,,,,,,,,,,,,,,,,
MottMcDonald,,https://www.mottmac.com/,logos/dd07ebe7c1495b1a11077a291217d42bee079cf55e08ff697ee3a83eda15b8c2.svg,https://twitter.com/mottmacdonald,,,,,,,,"Opening opportunities with connected thinking. Partnering with our clients, we are solving the world's most intricate challenges. We search out the connections others fail to make, to unlock creativity and deliver better outcomes for the lives we touch every day.",,,,,,,,,,,,Earth Observation Applications,All,,,,,,,,,,,,,,,,,,,,,,,,
Museon/Omniversum,,https://zeta-solutions.nl,,,,,,,,,,,,,,,,,,,,,,Space Museums,All,,,,,,,,,,,,,,,,,,,,,,,,
Nationaal Ruimtevaart Museum,,https://zeta-solutions.nl,,,,,,,,,,,,,,,,,,,,,,Space Museums,All,,,,,,,,,,,,,,,,,,,,,,,,
Nelen & Schuurmans,,https://nelen-schuurmans.nl/,logos/7d64c1f882554f121a5a6926e9e22b2dbca9086868e01e8390a3a1fda497341d.svg,https://twitter.com/nelenschuurmans,,,,,,,,"Nelen & Schuurmans is a water management consultancy & IT company. Founded in 1998 the company has grown to a multidisciplinary team of over 70 water management experts and developers. Clients include municipalities, provinces, national governments, wa...",,,,,,,,,,,,Space Consultancy,All,,,,,,,,,,,,,,,,,,,,,,,,
NEMO Science Museum,,https://zeta-solutions.nl,,,,,,,,,,,,,,,,,,,,,,Space Museums,All,,,,,,,,,,,,,,,,,,,,,,,,
NEO BV,,https://neo.nl/,logos/3fd0eefb2f8559ad0574e94ed1cf949c05c1961bca8368a7b98352de43f29baf.svg,,,,,,,,,"NEO assisteert overheden en bedrijven in het duurzaam verbeteren van locatiegebonden informatie. Daarmee zijn onze klanten beter in staat beslissingen te nemen, plannen te maken, enz. Wij vinden het belangrijk dat wij in deze snel veranderende wereld z...",,,,,,,,,,,,Data Analytics & Insights,All,,,,,,,,,,,,,,,,,,,,,,,,
Netherlands Aerospace Centre NLR,,https://www.nlr.nl/,logos/8bde905eeb4b199376793c5cb75066b40a386b0ade17f6fba0341a20692ab7a6.svg,,,,,,,,,"The Netherlands Aerospace Centre (NLR) conducts applied research for aerospace, advancing safety, sustainability and innovation for industry and government.",,,,,,,,,,,,"Research, Innovation and Incubation",All,,,,,,,,,,,,,,,,,,,,,,,,
Netherlands Space Office,,https://www.spaceoffice.nl/,logos/2239a621281630d3d8ace50496f73c021aaa136aaa73d50862be43b55565a6b6.svg,http://twitter.com/NLSpaceOffice,,,,,,,,The Netherlands Space Office acts as the Dutch agency for space affairs. The Netherlands Space Office (NSO) was established by the Dutch government in order to develop the Netherlands’ space programme and to bring that programme to action.,,,,,,,,,,,,Government,All,,,,,,,,,,,,,,,,,,,,,,,,
Neways Micro Electronics,,https://www.newayselectronics.com/,logos/cb04b3b8c137cc89f9fe3e1283b007802f5e66a60ba7d4e29c1d0a7929245e38.svg,,,,,,,,,Neways is active in the international EMS (Electronic Manufacturing Services) market. We offer our clients custom-made solutions for the complete product life cycle (from product development to after-sales service) of both electronic components and complete (box-built) electronic control systems.,,,,,,,,,,,,Subsystems & Components,All,,,,,,,,,,,,,,,,,,,,,,,,
NL Space Campus,,https://zeta-solutions.nl,,,,,,,,,,,,,,,,,,,,,,"Research, Innovation and Incubation",All,,,,,,,,,,,,,,,,,,,,,,,,
NLR,,https://nlr.nl/,logos/8bde905eeb4b199376793c5cb75066b40a386b0ade17f6fba0341a20692ab7a6.svg,https://twitter.com/NLR_NL,,,,,,,,"The Royal Netherlands Aerospace Centre, formerly known as the National Aerospace Laboratory is an aerospace research organisation of the Netherlands, and is one of its major technological institutes.",,,,,,,,,,,,Engineering & Test Services,All,,,,,,,,,,,,,,,,,,,,,,,,
NOVA,,https://zeta-solutions.nl,,,,,,,,,,,,,,,,,,,,,,Space Education,All,,,,,,,,,,,,,,,,,,,,,,,,
NTS,,https://www.nts-group.nl/,logos/e71e396f4f46ece8485177a9cc8a32851637f5bcbae5da1d28f2dc1eaec90c2f.svg,https://twitter.com/NTSGroupNL,,,,,,,,"As a first-tier system supplier in (opto-)mechatronic systems and mechanical modules for large, high-tech machine manufacturers (OEMs), we accelerate the future by contributing to future technologies. Our competences can be divided in Development & Engineering, Component Manufacturing and Systems Assembly.",,,,,,,,,,,,Subsystems & Components,All,,,,,,,,,,,,,,,,,,,,,,,,
NUNC/COBBS,,https://cobbsindustries.com,logos/68d8545628615d0029faf935479587cf491fa2942a7b86c0ab774359a3defc4c.svg,,,,,,,,,NUNC/COBBS provides solutions and services in the space and aerospace domain; details can be found on the company's website.,,,,,,,,,,,,Other Space Data Applications,All,,,,,,,,,,,,,,,,,,,,,,,,
NVR,,https://zeta-solutions.nl,,,,,,,,,,,,,,,,,,,,,,Industry and Professional Associations,All,,,,,,,,,,,,,,,,,,,,,,,,
NWO,,https://www.nwo.nl/,logos/01b39a788e93f1cbd5c3af8ba4203db97f3212aaf1219b1822a0f3437887b25c.svg,https://twitter.com/nwonieuws,,,,,,,,"NWO investeert jaarlijks bijna 1 miljard euro in nieuwsgierigheidsgedreven onderzoek, onderzoek gericht op maatschappelijke uitdagingen en in onderzoeksinfrastructuur.",,,,,,,,,,,,"Research, Innovation and Incubation",All,,,,,,,,,,,,,,,,,,,,,,,,
OptNet,,https://opt-net.eu/,logos/752c69fc0c723e28ce69c3a02904163817fe1791b9b2da66a58866de7956bc85.svg,https://twitter.com/OptNetConsBV,,,,,,,,OPT/NET B.V. builds comprehensive Mission Critical AI products for data-driven environments based on decades of hardcore critical industry experience.,,,,,,,,,,,,Data Analytics & Insights,All,,,,,,,,,,,,,,,,,,,,,,,,
Orbital Eye BV,,https://orbitaleye.nl/,logos/fb9078c35d770e6c4a736eee41824e638bce806599c28e70566d5fb4e342387d.svg,https://twitter.com/Marmoris_NL,,,,,,,,"Orbital Eye offers solutions for monitoring critical infrastructure such as transmission pipelines, roads, railways and powerlines. Our solutions are based on space technology and provide a safe, reliable and sustainable way to monitor your assets.",,,,,,,,,,,,Earth Observation Applications,All,,,,,,,,,,,,,,,,,,,,,,,,
Overstory,,https://www.overstory.com/,logos/4623c5d8674746139638354ad56204b477f7f1cf4f10784f201338acfc43dd60.svg,https://twitter.com/overstoryai,,,,,,,,Overstory is on a mission to become the standard in predictive planet intelligence. Understanding every m² on Earth in real-time.,,,,,,,,,,,,Earth Observation Applications,All,,,,,,,,,,,,,,,,,,,,,,,,
Owl tech,,http://www.owltech.nl/,,,,,,,,,,"We love 3D printing and asked over 200 creators about their 3D printing experience. Their response was: the high failure rate, terribly long building time, and low build quality frustrates us!",,,,,,,,,,,,Engineering & Test Services,All,,,,,,,,,,,,,,,,,,,,,,,,
Paans van Oord,,https://paansvanoord.com,logos/c43052f3154dffd8889dd42509f22c4dbfc6c7849c842a4ae0e03573a916ac8c.svg,,,,,,,,,Paans van Oord provides solutions and services in the space and aerospace domain; details can be found on the company's website.,,,,,,,,,,,,Other Space Data Applications,All,,,,,,,,,,,,,,,,,,,,,,,,
ParkBee,,https://parkbee.com/,logos/30662239c61eda24ecca76d56f4bdf13e69690f4c4041c5a746ab790939f9929.svg,https://twitter.com/parkbee_nl/,,,,,,,,"Het is onze missie om reizigers, vastgoedeigenaren en de lokale overheid beter gebruik te laten maken van stedelijke ruimte. Als een van de eerste digitale car park operators, halen we auto’s uit het straatbeeld door de bestuurders een beter alternatief te bieden.",,,,,,,,,,,,Location-based Services,All,,,,,,,,,,,,,,,,,,,,,,,,
Parsec Timing,,https://parsectiming.com/,,,,,,,,,,"We are a space-o-phile, tech-oriented startup making endurance sports fair, live & interactive.",,,,,,,,,,,,Location-based Services,All,,,,,,,,,,,,,,,,,,,,,,,,
Pats,,https://pats-drones.com/,logos/6d64085309418c796e78cba1c720ee3a371bef37e62699c444649de2c73db3e6.svg,https://twitter.com/patsdrones,,,,,,,,Our bio-inspired solution proactively controls harmful insect populations. The bat-like drones work autonomously and keep plagues in check. By selectively eliminating harmful insects the ecological balance in a greenhouse ecosystem is sustained.,,,,,,,,,,,,Drone/UAV Mapping,All,,,,,,,,,,,,,,,,,,,,,,,,
PATS Indoor Drones,,https://pats-drones.com,logos/6d64085309418c796e78cba1c720ee3a371bef37e62699c444649de2c73db3e6.svg,,,,,,,,,"PATS Indoor Drones develops and delivers drone systems and services for inspection, mapping, security and other industrial applications, integrating hardware, software and operations.",,,,,,,,,,,,Drone/UAV Mapping,All,,,,,,,,,,,,,,,,,,,,,,,,
Pentacon,,https://pentacon.nl/,logos/797b67ca6be8174af450bdfa88a4481be08d212547e6c8941fa317587b24b73b.svg,,,,,,,,,"Ingenieursbureau Pentacon uit Haarlem levert procesanalyse & -optimalisatie. En verzorgt het design, engineering en realisatie van complete machines, componenten en systemen",,,,,,,,,,,,Subsystems & Components,All,,,,,,,,,,,,,,,,,,,,,,,,
Performance Rotors,,https://performance-rotors.com,logos/5c149cf49042674369e15c5a998d1d9d114c8e34aee7e2a7bf9f5eae03f25cc0.svg,,,,,,,,,"Performance Rotors designs and manufactures advanced components and structures for aerospace and high‑tech applications, with capabilities in materials, machining and qualification.",,,,,,,,,,,,Subsystems & Components,All,,,,,,,,,,,,,,,,,,,,,,,,
Photonis Netherlands B.V.,,https://www.photonis.com/,logos/192c46a5730c46bd65cb356f80eb00c2fc20afe666a2f4956b20cddc545f20a9.svg,https://twitter.com/PhotonisScience,,,,,,,,"Photonis is a high-tech organization experienced in innovating, developing, manufacturing, and selling photo sensor technologies.",,,,,,,,,,,,Subsystems & Components,All,,,,,,,,,,,,,,,,,,,,,,,,
Promolding,,https://www.promolding.nl/,logos/0ade3a7aa141f39ed66b2e3fc8338b08d4a91d9cde71c47f98aad9d7da4b09d6.svg,https://twitter.com/promolding,,,,,,,,Productontwikkeling en productie van hoogwaardige kunststof spuitgietproducten,,,,,,,,,,,,Subsystems & Components,All,,,,,,,,,,,,,,,,,,,,,,,,
Qlayers,,https://qlayers.com,logos/5ef57604521e9a41373c05c1d0470af5736f976c01cc53f3ee62fa1b7d8e62ce.svg,,,,,,,,,Qlayers provides solutions and services in the space and aerospace domain; details can be found on the company's website.,,,,,,,,,,,,Other Space Data Applications,All,,,,,,,,,,,,,,,,,,,,,,,,
Qubitrium,,https://qubitrium.com.tr/,,,,,,,,,,Qubitrium provides solutions and services in the space and aerospace domain; details can be found on the company's website.,,,,,,,,,,,,Other Space Data Applications,All,,,,,,,,,,,,,,,,,,,,,,,,
Readar,,https://readar.com/,logos/a144b36efc4300ddcfce43b7eecb613880c8494d60770bc9612640d9bba56f80.svg,,,,,,,,,"Aerial photographs are very convenient to gather information about a building or an area. But imagine you need information about thousands of buildings, an entire town or an entire country? Going through the photos manually is not an option! Readar offers you the solution. We mine data from aerial photographs using remote sensing and Machine Learning. By doing so, we are able to save you many man-years of work.",,,,,,,,,,,,Earth Observation Applications,All,,,,,,,,,,,,,,,,,,,,,,,,
Reef Support,,https://www.reef.support/,logos/28e7fa82ea6688a3419c63b5e385b7efa324a88c6c9075a4874255eacdf7337a.svg,https://twitter.com/SupportReef,,,,,,,,"Reef Support works with partners globally to develop solutions for ocean and MPA monitoring, marine research and conservation.",,,,,,,,,,,,Earth Observation Applications,All,,,,,,,,,,,,,,,,,,,,,,,,
Revolv,,https://www.revolvspace.com/,logos/57bc4a6f956407fed704c035827b3ce7751287228a2e114f5706340a843ed788.svg,,,,,,,,,Solar array rotary actuators,,,,,,,,,,,,Subsystems & Components,All,,,,,,,,,,,,,,,,,,,,,,,,
Revolv Space,,https://www.revolvspace.com/,logos/57bc4a6f956407fed704c035827b3ce7751287228a2e114f5706340a843ed788.svg,,,,,,,,,Revolv Space provides solutions and services in the space and aerospace domain; details can be found on the company's website.,,,,,,,,,,,,Other Space Data Applications,All,,,,,,,,,,,,,,,,,,,,,,,,
Rhea Group,,https://www.rheagroup.com/,logos/79a1ae1afc1e4f219775704201a3bac49b6cfee17cbc10382d2a59fbf34c86c9.svg,https://twitter.com/rheagroup,,,,,,,,"RHEA Group biedt engineering oplossingen, systeemontwikkelingen en beveiligingsdiensten op maat aan voor de ruimtevaart, het leger, de overheid en andere kritieke infrastructuren.",,,,,,,,,,,,Engineering & Test Services,All,,,,,,,,,,,,,,,,,,,,,,,,
Rijkswaterstaat,,https://www.rijkswaterstaat.nl/,logos/3ed99af0e7ef98f8f93af4cc307d90672794ab9d34818e199bca7a2d1a7fde6d.svg,https://www.twitter.com/Rijkswaterstaat,,,,,,,,"Samen werken aan een veilig, leefbaar en bereikbaar Nederland. Dat is Rijkswaterstaat.",,,,,,,,,,,,Earth Observation Applications,All,,,,,,,,,,,,,,,,,,,,,,,,
RoadEO,,https://www.roadeo.io/,logos/6182020650c1e0fb3bc9046b7dbf2fdb2732a2db24e90c2616fd2458d1dd8323.svg,https://twitter.com/roadeo_io,,,,,,,,RoadEO is developing a global road quality monitoring and prediction platform advising public road authorities and commercial construction firms when and where the next road segment needs to be maintained.,,,,,,,,,,,,Earth Observation Applications,All,,,,,,,,,,,,,,,,,,,,,,,,
Robin Radar,,https://robinradar.com,logos/d5d697c63f4da861aa98139ddedc137fb24f2b5e4f8321f70e7f9ee8f24ffb13.svg,,,,,,,,,"Robin Radar provides radar solutions to detect and track birds and drones, improving aviation safety and protecting critical infrastructure.",,,,,,,,,,,,Satellite Communication,All,,,,,,,,,,,,,,,,,,,,,,,,
RoyalHaskoningDHV,,https://rhdhv.com/,,https://twitter.com/RHDHV,,,,,,,,"Royal HaskoningDHV is an international, non-listed engineering consultancy firm with headquarters in Amersfoort, Netherlands.",,,,,,,,,,,,Earth Observation Applications,All,,,,,,,,,,,,,,,,,,,,,,,,
Sander Koenen - creative,,https://www.sanderkoenen.nl/,logos/3cb87d0fba7c4945f12cbe8fc10d374e43c2fe865ff12846721df2c8f9978be2.svg,https://twitter.com/sanderkoenen,,,,,,,,"Als creatief ondernemer zoek ik naar mooie, spannende en inspirerende verhalen om door te vertellen. Ik duik in de wereld van wetenschap en techniek, want die fascineert me. En ik ontmoet graag mensen die nét zo nieuwsgierig zijn als ik…",,,,,,,,,,,,Space Creative Services,All,,,,,,,,,,,,,,,,,,,,,,,,
Sapienza Consulting,,https://zeta-solutions.nl,,,,,,,,,,,,,,,,,,,,,,Space Recruitment,All,,,,,,,,,,,,,,,,,,,,,,,,
Sarvision,,https://www.sarvision.nl/,logos/3667070b2b75085ef8d40fe4affb7193ad25937fc50706987714f9b09bfcd32c.svg,,,,,,,,,"SarVision is a private company founded by researchers of the Wageningen University, the nr. 1 ranked agricultural university in the world. We are frontrunners in developing and implementing automated monitoring systems for natural resources management.",,,,,,,,,,,,Earth Observation Applications,All,,,,,,,,,,,,,,,,,,,,,,,,
Satelligence,,https://satelligence.com/,logos/44654b00ee2d680dacdaba7dbf94e609e217976926277ce5d75d47c13e49b34b.svg,https://twitter.com/SatelligenceEO,,,,,,,,"Track your progress and meet your climate objectives with intelligent supply chain monitoring, covering carbon stock, deforestation, agricultural commodities and more. Powered by satellites, simplified by AI, in real-time.",,,,,,,,,,,,Earth Observation Applications,All,,,,,,,,,,,,,,,,,,,,,,,,
Satellogic,,https://satellogic.com/,logos/412f198884b1dd78f2e982cdac713fc3687ed950ef3453f21176335308f83c87.svg,https://twitter.com/satellogic,,,,,,,,Satellogic is making Earth Observation imagery accessible and affordable to drive better global decision-making. We want to do our part in building a world where every organization is prepared for the challenges of tomorrow.,,,,,,,,,,,,Satellites,All,,,,,,,,,,,,,,,,,,,,,,,,
satsearch,,https://satsearch.co/,logos/bad4dd231077767cef8a39a0a40a386ecd8924c2e385f1dd387cd11f3de324a9.svg,https://twitter.com/satsearchco,,,,,,,,"The global marketplace for the space industry. Helping space engineers source components, subsystems, platforms, and services from global suppliers for ground, launch, and space.",,,,,,,,,,,,Engineering & Test Services,All,,,,,,,,,,,,,,,,,,,,,,,,
SBIC,,https://zeta-solutions.nl,,,,,,,,,,,,,,,,,,,,,,"Research, Innovation and Incubation",All,,,,,,,,,,,,,,,,,,,,,,,,
Scabro,,https://scabro.com,logos/b9697320e670c19fa2cec9954f045e6dc9034a9a444d2c62d02180c053bb70fc.svg,,,,,,,,,"Scabro designs and manufactures advanced components and structures for aerospace and high‑tech applications, with capabilities in materials, machining and qualification.",,,,,,,,,,,,Subsystems & Components,All,,,,,,,,,,,,,,,,,,,,,,,,
Schonenborg Space Engineering BV,,http://www.schonenborg.com/,,,,,,,,,,Schonenborg Space Engineering B.V. develops ISS flight hardware for experimental and support purposes. In addition consultancy for space engineering and project management is provided.,,,,,,,,,,,,Space Consultancy,All,,,,,,,,,,,,,,,,,,,,,,,,
Science and Technology Corporation / S&T,,https://stcorp.nl/,,https://twitter.com/ExpertsPool,,,,,,,,"S[&]T is your place for high-tech jobs, in-house or on-site (scientific) data projects - for the best clients in Europe. We are your Data Innovation Partner!",,,,,,,,,,,,Data Analytics & Insights,All,,,,,,,,,,,,,,,,,,,,,,,,
SCN Avatar,,https://www.scn-avatar.com/,logos/fe066637110e821a6e477707f1e3a2e396e194f1df1b4a337f8659969a79faab.svg,,,,,,,,,Virtual and Augmented Reality provides real-life answers to the challenges of today and tomorrow,,,,,,,,,,,,Other Space Data Applications,All,,,,,,,,,,,,,,,,,,,,,,,,
Securitas Technologies,,https://securitas.nl,logos/66a5572d5acdf58a9866955c564af4e20b356243dbaef992ee7619816eb9f05c.svg,,,,,,,,,"Securitas Technologies delivers security and surveillance technologies and services for critical infrastructure, mobility and public spaces, combining sensors with operational expertise.",,,,,,,,,,,,Other Space Data Applications,All,,,,,,,,,,,,,,,,,,,,,,,,
Selfly,,https://selfly.nl,,,,,,,,,,"Selfly delivers security and surveillance technologies and services for critical infrastructure, mobility and public spaces, combining sensors with operational expertise.",,,,,,,,,,,,Other Space Data Applications,All,,,,,,,,,,,,,,,,,,,,,,,,
Sensar,,https://www.sensar.nl/,logos/c566d8e9c75cb2cdf83cd7c503a923f24483910c88cb8108ee84beac8be3d050.svg,http://twitter.com/sensar_space,,,,,,,,WE REDUCE GROUND DEFORMATION RISKS WITH SATELLITE CHANGE MONITORING SOLUTIONS.,,,,,,,,,,,,Earth Observation Applications,All,,,,,,,,,,,,,,,,,,,,,,,,
Serco,,https://www.serco.com/eu/sector-expertise/space,logos/ec336678763d9a5287b7d0d631c9710ef75dd7b7c4d19211739666b82494b17f.svg,https://twitter.com/Serco_Europe,,,,,,,,"Serco is among the leading Space Industry and Services Companies. We have over 40 years’ experience in supporting the space sector: Since the creation of the European Space Agency (ESA), our employees have been providing everyday their technical, scientific and management skills to support the full range of European cornerstone space missions.",,,,,,,,,,,,Mission Operations,All,,,,,,,,,,,,,,,,,,,,,,,,
SES New Skies,,https://www.ses.com/,logos/b23929c19bd1a0570dd0466078898361fc2d725bb2502ed5c6f5a7e4e5a0ee81.svg,https://twitter.com/SES_Satellites,,,,,,,,"We are proud to be the leader in global content connectivity solutions, connecting more people in more places with content that educates and entertains; protects populations and drives business forward; enriches lives and empowers personal stories.",,,,,,,,,,,,Satellite Operations,All,,,,,,,,,,,,,,,,,,,,,,,,
SGAC Space Generation Advisory Council,,https://spacegeneration.org/regions/europe/netherlands,,https://twitter.com/SGAC/,,,,,,,,"We are the VOICE of the largest network of students, young professionals and alumni in the space industry.",,,,,,,,,,,,Industry and Professional Associations,All,,,,,,,,,,,,,,,,,,,,,,,,
Shore Systems,,https://www.shoresystems.nl/,,,,,,,,,,"Shore Systems is specialised in the development, design and production of hydrogen powered VTOL drones with unprecedented range and hover capabilities.",,,,,,,,,,,,Drone/UAV Mapping,All,,,,,,,,,,,,,,,,,,,,,,,,
Skeye,,https://skeye.com,logos/3459952cf27dd8813e68042b6eaa4be948fd21922c5302c6e2abdd6f94678bfe.svg,,,,,,,,,Skeye provides solutions and services in the space and aerospace domain; details can be found on the company's website.,,,,,,,,,,,,Other Space Data Applications,All,,,,,,,,,,,,,,,,,,,,,,,,
Skyflox,,https://skyflox.eu/,logos/589b27e63688d71c93382b8ceeddc36882c5d8f9ebac20f015865aa0395a08e8.svg,https://twitter.com/skyflox_,,,,,,,,Using airliner fleets to better understand our planet,,,,,,,,,,,,Earth Observation Applications,All,,,,,,,,,,,,,,,,,,,,,,,,
SkyGeo,,https://skygeo.com/,logos/f90f27986a729d593d9b75786d9e81c2ac0ff5fe2c5ed91ce225ed0739304b1e.svg,,,,,,,,,SkyGeo is a next generation Earth Observation company.,,,,,,,,,,,,Earth Observation Applications,All,,,,,,,,,,,,,,,,,,,,,,,,
Skylab Analystics,,http://skylabanalytics.com/,logos/f6d7e114f82cf67dc620be419c26702017842ea124f946697a8bd97b5df19b7b.svg,,,,,,,,,"Skylab Analytics makes sense of space based imagery and data analytics technology for global businesses with global problems. We are an independent satellite data analytics company, without any revenue commitments to any satellite data provider. As such we will find the aerial or satellite data collection platform that is technically most suited to solve your problem, with no hidden commercial agenda. We work with several air/spaceborne data providers and sensor technologies.",,,,,,,,,,,,Data Analytics & Insights,All,,,,,,,,,,,,,,,,,,,,,,,,
Skytree,,https://skytree.eu/,logos/697ddc1eb895f249358efa15a07ab153f2c6e35264cf0908681dd1d4bd2a17fe.svg,https://twitter.com/skytreeco2,,,,,,,,Skytree is a spinout of the European Space Agency. Our CO2 re-capture process was originally developed to make longer space missions possible by extracting the CO2 exhaled by astronauts on board of spacecraft.,,,,,,,,,,,,Subsystems & Components,All,,,,,,,,,,,,,,,,,,,,,,,,
Skyvision,,https://skyvision-drones.com,logos/e9d8d4aabe516584f3c65e32581cfb22ca6034109b5e8cce87365e5f2244232f.svg,,,,,,,,,"Skyvision develops and delivers drone systems and services for inspection, mapping, security and other industrial applications, integrating hardware, software and operations.",,,,,,,,,,,,Drone/UAV Mapping,All,,,,,,,,,,,,,,,,,,,,,,,,
SLTN,,https://www.sltn.nl/,logos/0cc67ef16f1bee0acc17fa92c0d4a053017ae7618f376cb88e5e4aa47372ae95.svg,,,,,,,,,"SLTN Ontzorgt ICT. Dat doen wij al meer dan 20 jaar met Passie, Kwaliteit en Innovatie. Met een omzet van ruim 150 miljoen euro behoren wij tot de grotere, niet beursgenoteerde IT bedrijven van Nederland en daar zijn we uitermate trots op!",,,,,,,,,,,,Data Analytics & Insights,All,,,,,,,,,,,,,,,,,,,,,,,,
SmartFarmSensing,,https://www.smartfarmsensing.com/,,,,,,,,,,"Smart Farm Sensing provides products, services and solutions to the agriculture sector based on intelligent sensor data, remote sensing and geospatial information.",,,,,,,,,,,,Earth Observation Applications,All,,,,,,,,,,,,,,,,,,,,,,,,
SmartQare,,https://www.smartqare.nl/,logos/c1a0d13c4017f162057695d65352893f9ee6c35b2dfbe8447a39f005f38e8554.svg,,,,,,,,,"smartQare is een jonge onderneming met gedreven professionals die een gezamenlijke missie hebben om mensen in staat te stellen hun leven te blijven leiden zoals ze dat gewend zijn te doen, gezond en actief te blijven en zich veiliger te voelen. Een bedrijf met een missie die is ingegeven door persoonlijke ervaringen van de oprichters: beiden hebben een moeder die gebaat is bij betrouwbare zorg op afstand.",,,,,,,,,,,,Location-based Services,All,,,,,,,,,,,,,,,,,,,,,,,,
Sobolt,,https://sobolt.com/,logos/d347ef0b4ece6418304ca87ee2f22fe16471fcd13c167588b23327c02c0d16cd.svg,https://twitter.com/Sobolt_AI,,,,,,,,Mission Deep-learning applications for sustainable futures. Solutions Improved decision-making with actionable insights. Find your fit. Team We work towards a sustainable future. How about you?,,,,,,,,,,,,Data Analytics & Insights,All,,,,,,,,,,,,,,,,,,,,,,,,
Social Charging,,https://www.social-charging.com/,,,,,,,,,,Social Charging connects electric drivers to each other and to smart systems.,,,,,,,,,,,,Location-based Services,All,,,,,,,,,,,,,,,,,,,,,,,,
Soilspect,,https://soilspect.nl/,logos/aac1d703cb2b20406142e88d7477f53688d6feac4bbd1914c2389d0d908d1701.svg,,,,,,,,,Bringing the worlds of geologists and smart measurements together.,,,,,,,,,,,,Location-based Services,All,,,,,,,,,,,,,,,,,,,,,,,,
Solartechno,,https://www.solartechno.com/,logos/4808d2c6db9542a0bfe9b279b6f899133e7c73a17ecd2da132fc6072247af1e1.svg,,,,,,,,,"Our mission is to make solar energy available for everyone, everywhere, even in remote areas without a grid connection, while removing the need for polluting diesel generators.",,,,,,,,,,,,Subsystems & Components,All,,,,,,,,,,,,,,,,,,,,,,,,
Space Applications Services,,https://www.spaceapplications.com/,logos/0e2874b81074156af3d0ab6c47cf2450dab43868f4ed92bb69d8025e27571263.svg,,,,,,,,,"Space Applications Services provides engineering, software and system solutions for space missions, supporting design, integration and operations across satellites and ground segments.",,,,,,,,,,,,Subsystems & Components,All,,,,,,,,,,,,,,,,,,,,,,,,
Space Expo,,https://zeta-solutions.nl,,,,,,,,,,,,,,,,,,,,,,Space Museums,All,,,,,,,,,,,,,,,,,,,,,,,,
Space Safety Institute,,https://zeta-solutions.nl,,,,,,,,,,,,,,,,,,,,,,Industry and Professional Associations,All,,,,,,,,,,,,,,,,,,,,,,,,
Space4Good,,https://space4good.com/,logos/47bf282394308533a7f57ebfac9865c23419df16d17d11468d0c30f2303d4b48.svg,https://twitter.com/Space4Good,,,,,,,,Space4Good uses remote sensing to monitor social and environmental impact,,,,,,,,,,,,Earth Observation Applications,All,,,,,,,,,,,,,,,,,,,,,,,,
SpaceNed,,https://www.spacened.nl/,logos/4c80a434c075f0bcc544d15081a4f773d6e06b04673e996ebe3072f8eda04e3c.svg,,,,,,,,,,,,,,,,,,,,,Industry and Professional Associations,All,,,,,,,,,,,,,,,,,,,,,,,,
Spherical Systems,,https://spherical-systems.com/,logos/f0c2429bfc146a854a7003800fc08f608f8e56206e235a4179659ea252aa2587.svg,,,,,,,,,Spherical Systems provides solutions and services in the space and aerospace domain; details can be found on the company's website.,,,,,,,,,,,,Other Space Data Applications,All,,,,,,,,,,,,,,,,,,,,,,,,
SRON,,https://sron.nl/,logos/51b5d371a76fd149156fdde9a49834148c5136beae582068459d5f3d22222e83.svg,https://twitter.com/SRON_Space,,,,,,,,Stichting Sron Netherlands Institute For Space Research provides scientific equipment. The Company offers a variety of space research equipment. Stichting Sron Netherlands Institute For Space Research operates out of the Netherlands.,,,,,,,,,,,,Subsystems & Components,All,,,,,,,,,,,,,,,,,,,,,,,,
SSC Aurora Technology,,https://aurora.nl/,logos/2359009bb2924e42db3baaf779c2685b8f80f9420569b7987f589ee5541e9d56.svg,,,,,,,,,Aurora is firmly established within the Space industry as a support company providing a high level of service in the provision of engineering and scientific services.,,,,,,,,,,,,Space Recruitment,All,,,,,,,,,,,,,,,,,,,,,,,,
SSPF,,https://zeta-solutions.nl,,,,,,,,,,,,,,,,,,,,,,Space Education,All,,,,,,,,,,,,,,,,,,,,,,,,
Stellar Space Industries,,https://stellarspaceindustries.com/,logos/ffc09d37d5622ce2ec72c9c584b15f26522427d461ff131fd59175a017d23801.svg,https://twitter.com/StellarSpaceInd,,,,,,,,We design and build satellites for In Situ Resource Utilization. We provide Engineering and Manufacturing Services,,,,,,,,,,,,Engineering & Test Services,All,,,,,,,,,,,,,,,,,,,,,,,,
Survey Intelligence,,https://www.survintel.com/,logos/df0ba3d5b1a967b7e5d40d8364c80475c32303e4e5fa856a030174f388c7bfaf.svg,,,,,,,,,Survey Intelligence provides users with the tools to help understand and forecast the movement of the ground that causes stress on infrastructure. Stress that can lead to damages and ultimately to accidents. We help our clients to detect where this might happen and allow them time to take action before accidents occur. We provide our clients with an early warning system that allows the monitoring of large areas with high accuracy and cost-effectiveness.,,,,,,,,,,,,Earth Observation Applications,All,,,,,,,,,,,,,,,,,,,,,,,,
Svasek Hydraulics,,https://www.svasek.nl/,logos/71ac01378fa916a481f8ee2f0dc2285d597480e6e494d54b23dd78e39283bb7d.svg,https://twitter.com/svasekhydraulic,,,,,,,,"Ingenieursbureau Svašek B.V. is een gespecialiseerd adviesbureau op het gebied van kustwaterbouw, havenontwerp en rivierwaterbouw. Onze activiteiten richten zich op stroming en golven alsmede sediment transport en morfologische bodemontwikkelingen veroorzaakt door deze stroming en golven. Kusten, zeeën, estuaria en rivieren zijn ons speelveld. Building with Nature zit in ons DNA.",,,,,,,,,,,,Earth Observation Applications,All,,,,,,,,,,,,,,,,,,,,,,,,
Sweco (voorheen Grontmij),,https://www.sweco.nl/,logos/d80d031c4fbb0934578c3a31c5842f1ebe4ccde1dcabc0b6fe9f436fb41561e2.svg,https://twitter.com/sweconederland,,,,,,,,"Samen met klanten en de kennis van 17.500 architecten, ingenieurs en adviseurs, creëren we slimme oplossingen voor het stedelijk gebied. Met oog voor de versnellende kracht van digitalisering en het perspectief van een groene en duurzamere samenleving. Schouder aan schouder.",,,,,,,,,,,,Earth Observation Applications,All,,,,,,,,,,,,,,,,,,,,,,,,
swyMe,,https://swyme.com/,,https://twitter.com/swymenow,,,,,,,,"Now that the cloud and software-based video collaboration market have matured, swyMe was formed to bring the development, sales, marketing, finance and support all under one roof for the first time and to deliver a world-class, human interaction from anywhere to anywhere.",,,,,,,,,,,,Other Space Data Applications,All,,,,,,,,,,,,,,,,,,,,,,,,
T-Minus Engineering,,https://t-minus.nl/,logos/af7539d40ce96e059d09bb0aadab2c44cac543afc0a09e95a1a762fa4de71660.svg,https://twitter.com/JanSvobodaCZ,,,,,,,,Leading the way to suborbital space. T-Minus Engineering provides rocket launches for science and defence.,,,,,,,,,,,,Launchers,All,,,,,,,,,,,,,,,,,,,,,,,,
Taniq,,http://www.taniq.com/,logos/7824986b9072d4fccc08e649fa2a7b249aa1997bb144911c4d21045672c53480.svg,,,,,,,,,TANIQ is specialized in the optimization of reinforced rubber products. Our core expertise is designing the most efficient reinforcement structures using Aerospace Engineering design principles.,,,,,,,,,,,,Subsystems & Components,All,,,,,,,,,,,,,,,,,,,,,,,,
Team Tumbleweed,,https://www.teamtumbleweed.eu/,logos/8e7290e5b820b0eaf702e49501d8cde9870e328a16c3c0ecda399c71d323f039.svg,,,,,,,,,Team Tumbleweed provides solutions and services in the space and aerospace domain; details can be found on the company's website.,,,,,,,,,,,,Other Space Data Applications,All,,,,,,,,,,,,,,,,,,,,,,,,
Technolution,,https://technolution.nl/,logos/bd432a8b7633bd1fdb2a57733a7b9410e485f8be19fd45ab89d369803a7e65a8.svg,https://twitter.com/technolutionbv,,,,,,,,"We are a team of 220 colleagues who are passionate about technology and work on innovative products, systems and technologies for a wide range of clients.",,,,,,,,,,,,Subsystems & Components,All,,,,,,,,,,,,,,,,,,,,,,,,
Tecnotion bv,,https://www.tecnotion.com/,logos/0aed33915e65b6d5ee7180af56120a3b37e524d7d1cb9e6e1c4462b72a30b3cb.svg,,,,,,,,,"Tecnotion is the global authority on direct drive motor technology. As a former part of Philips, we are the world's only unbundled manufacturer of linear and torque motors. We specialize solely in the development and production of direct drive motors, which allows us to provide expertise, customer service and product quality that are unmatched by other direct drive manufacturers",,,,,,,,,,,,Subsystems & Components,All,,,,,,,,,,,,,,,,,,,,,,,,
Telespazio Belgium,,https://www.telespazio.be/,logos/daf5b4e3e07627714de66e028570ee9b992aedbd14da310a3f22b886aa440184.svg,,,,,,,,,Telespazio Belgium provides solutions and services in the space and aerospace domain; details can be found on the company's website.,,,,,,,,,,,,Other Space Data Applications,All,,,,,,,,,,,,,,,,,,,,,,,,
TERMA,,https://www.terma.com/,logos/132104719937a1be2e5e056a1219a3682fe093b668ac9b794a32847d9d356f7a.svg,https://twitter.com/Terma_Global,,,,,,,,We provide specialist services to Agencies and companies in the space arena for a wide range of technical disciplines. For more than 40 years we have been providing highly tailored services in the challenging space domain.,,,,,,,,,,,,Engineering & Test Services,All,,,,,,,,,,,,,,,,,,,,,,,,
TerraSphere,,https://terrasphere.nl/,logos/5126501534487693d058784c0f63140f63a0329014ae117d19929b08406313a2.svg,https://twitter.com/Terra_Sphere,,,,,,,,Satellite data can help your business by providing information on the status and performance of your crops. Frequent satellite observations throughout the growing season allows for a continuous monitoring of crop performance. Satellites can provide near-realtime measurements that are independant and available worldwide. Our algorithms are designed to transform raw satellite images to actionable data that can be tailored to your specific business operations and the area of interest.,,,,,,,,,,,,Earth Observation Applications,All,,,,,,,,,,,,,,,,,,,,,,,,
Tf2 devices B.V.,,http://www.tf2devices.com/,logos/442b9f71eefb9e0137133876ac5494df291251c8daefc3342ead43139f5909fa.svg,,,,,,,,,"tf2 devices is a spin-off company from the Radboud University Nijmegen, to further develop thin-film III-V semiconductor technology based on the Epitaxial Lift-Off (ELO) technique.",,,,,,,,,,,,Subsystems & Components,All,,,,,,,,,,,,,,,,,,,,,,,,
Thales Cryogenics B.V.,,https://www.thales-cryogenics.com/,,,,,,,,,,"Thales Cryogenics is the European leader in cryogenic technology and supplier of cryogenic coolers. Our product catalog is filled with various cooler technologies, such as rotary Monobloc (RM), linear flexure bearing split stirling (LSF), linear pulse-tube (LPT) cryocoolers, for cooling small sensors and/or circuits to cryogenic temperatures (<180K) and ranging up to 15 Watt cooling power.",,,,,,,,,,,,Subsystems & Components,All,,,,,,,,,,,,,,,,,,,,,,,,
The Hague University,,https://hhs.nl,logos/e8b1312f90d0ce6df7e416b2838eb8b63a3f5fdcf95f0541bb75af0c4823124b.svg,,,,,,,,,"The Hague University conducts research, education and innovation activities related to aerospace and/or unmanned systems, collaborating with industry and public partners.",,,,,,,,,,,,"Research, Innovation and Incubation",All,,,,,,,,,,,,,,,,,,,,,,,,
TNO,,https://tno.nl/,logos/82670790653ea404a6b6ff0a9b8ef9eea7d6aa2a6fada1ce604c5f706b34304b.svg,https://twitter.com/TNO_nieuws,,,,,,,,TNO is an independent innovation organization. We connect people and knowledge to create innovations that strengthen competitiveness.,,,,,,,,,,,,Subsystems & Components,All,,,,,,,,,,,,,,,,,,,,,,,,
TNO Space & Systems Engineering,,https://www.tno.nl/nl/over-tno/organisatie/units/high-tech-industry/ruimtevaarttechnologie/,logos/61ac68ca3fc562c9d2d6f604c420cd58986bbf6a37ae861e4e1053d95b1fe4ad.svg,,,,,,,,,"TNO advances space technology through applied research, including instruments, optics and system engineering for satellite missions.",,,,,,,,,,,,"Research, Innovation and Incubation",All,,,,,,,,,,,,,,,,,,,,,,,,
Tomtom,,https://zeta-solutions.nl,,,,,,,,,,"All businesses have a responsibility to do good. We take this to heart. In our 30 years of disruptive mapmaking, our relentless innovation in location technologies has always revolved around driving progress. Together, we are creating a safer, cleaner, congestion-free world.",,,,,,,,,,,,Location-based Services,All,,,,,,,,,,,,,,,,,,,,,,,,
TOPIC Embedded Systems,,https://topic.nl/,logos/707f01124cc3e79554713af7635dc3642743bc7cff2cac0d0e9c65b563079f1b.svg,,,,,,,,,"With our specialist knowledge in the field of FPGAs, we offer solutions and design services for the aerospace industry. What is unique is the enormous computing capacity, energy-efficient consumption, a smaller design than in regular hardware and the reprogrammability of the FPGA.",,,,,,,,,,,,Subsystems & Components,All,,,,,,,,,,,,,,,,,,,,,,,,
TriasRND,,https://triasrnd.com/,logos/f7529dfea7facecadc6094ad6be8c6c0a552094fa446f5ab18e24b3ff9207b12.svg,,,,,,,,,The most trusted online community for aerospace testing and engineering services.,,,,,,,,,,,,Engineering & Test Services,All,,,,,,,,,,,,,,,,,,,,,,,,
TriOpSys,,https://www.triopsys.nl/,logos/60c491af68d49c93d7be7dcd112e75019d332c4f8c2df3cf17908cbb223aa905.svg,https://twitter.com/TriOpSys,,,,,,,,"Defence en Space hebben veel raakvlakken: de gebruikte systemen verwerken grote hoeveelheden gegevens en de vereiste betrouwbaarheid en beschikbaarheid van deze systemen zijn groot. De professionals van TriOpSys, met hun mission critical achtergrond, worden dan ook regelmatig in beide werelden ingezet. We passen onze ervaring ook toe binnen het domein Weather & Climate.",,,,,,,,,,,,Engineering & Test Services,All,,,,,,,,,,,,,,,,,,,,,,,,
TU Delft,,https://zeta-solutions.nl,,,,,,,,,,,,,,,,,,,,,,Space Education,All,,,,,,,,,,,,,,,,,,,,,,,,
TU Delft Faculty of Aerospace Engineering,,https://www.tudelft.nl/en/ae,logos/034731a45ba01e76baf769c727515aba520c3561ed978406dd37f31a16de1cdb.svg,,,,,,,,,"TU Delft’s Faculty of Aerospace Engineering is one of Europe’s largest aerospace faculties, covering aeronautics and astronautics across education and research.",,,,,,,,,,,,"Research, Innovation and Incubation",All,,,,,,,,,,,,,,,,,,,,,,,,
TU Delft Space Institute,,https://spaceinstitute.tudelft.nl/,logos/034731a45ba01e76baf769c727515aba520c3561ed978406dd37f31a16de1cdb.svg,,,,,,,,,"The TU Delft Space Institute connects space-related research groups across the university, focusing on satellites, instruments and space missions.",,,,,,,,,,,,"Research, Innovation and Incubation",All,,,,,,,,,,,,,,,,,,,,,,,,
TU Eindhoven,,https://zeta-solutions.nl,,,,,,,,,,,,,,,,,,,,,,Space Education,All,,,,,,,,,,,,,,,,,,,,,,,,
Ubotica Technologies,,https://ubotica.com/,logos/4747c3e1cf289e55b97dc82dad7fa2db15b48373a944dbb367e05cf4198aeb9d.svg,,,,,,,,,Ubotica Technologies provides solutions and services in the space and aerospace domain; details can be found on the company's website.,,,,,,,,,,,,Other Space Data Applications,All,,,,,,,,,,,,,,,,,,,,,,,,
Uitgeest Mechanische Industrie BV,,http://www.umi.nl/,,,,,,,,,,"UMI supplies high precision parts and subassemblies for application in, amongst others: aerospace, nuclear medicine, flight simulation, graphic industry, and general equipment construction.",,,,,,,,,,,,Subsystems & Components,All,,,,,,,,,,,,,,,,,,,,,,,,
Universiteit Leiden,,https://zeta-solutions.nl,,,,,,,,,,,,,,,,,,,,,,Space Education,All,,,,,,,,,,,,,,,,,,,,,,,,
University of Twente,,https://zeta-solutions.nl,,,,,,,,,,,,,,,,,,,,,,Space Education,All,,,,,,,,,,,,,,,,,,,,,,,,
VanderSat (Planet),,https://vandersat.com/,,https://twitter.com/VanderSatNL,,,,,,,,"VanderSat is a leading provider of global satellite-observed water and temperature data, products and services. We observe and analyse soil conditions.",,,,,,,,,,,,Earth Observation Applications,All,,,,,,,,,,,,,,,,,,,,,,,,
Verhaert,,https://verhaert.com/,logos/c24a2a7b94402973347b00d0543e98bd5c7d8479f9d7bec6bd3ffddb5b5c8ac8.svg,https://twitter.com/verhaertmii,,,,,,,,"The space & security sector has always pushed technologies to the limits. Today we rely on these advanced technologies on a daily basis, often without realizing it. The Verhaert group has a strong heritage in aerospace and security. This helps us help you develop and implement advanced technologies, create flexibility and address downstream and recurring business.",,,,,,,,,,,,Space Consultancy,All,,,,,,,,,,,,,,,,,,,,,,,,
Viasat,,https://www.viasat.com/,logos/9420311838786f940881387095c4c9268b8afabfaba59f79365a8aad72920d4f.svg,https://twitter.com/ViasatInc,,,,,,,,Viasat is a provider of high-speed satellite broadband services and secure networking systems covering military and commercial markets.,,,,,,,,,,,,Satellite Operations,All,,,,,,,,,,,,,,,,,,,,,,,,
Void & Visual,,https://www.void-visual.com/,,https://twitter.com/voidandvisual,,,,,,,,The graphic design studio that visualizes ​stories that are out of this world,,,,,,,,,,,,Space Creative Services,All,,,,,,,,,,,,,,,,,,,,,,,,
VORtech,,https://www.vortech.nl/,logos/bfd24ea8005c09c892288c34f2c8cffd854a1e4f71f690dac54b3375671bb00a.svg,,,,,,,,,"Wij helpen onze klanten met het ontwikkelen van veeleisende applicaties voor voorspellingen, simulaties en andere complexe berekeningen. We bieden een unieke combinatie van softwareontwikkeling en advies, met specifieke kennis van technieken als high performance computing, data-model integratie en machine learning.",,,,,,,,,,,,Data Analytics & Insights,All,,,,,,,,,,,,,,,,,,,,,,,,
VSV Leonardo da Vinci,,https://zeta-solutions.nl,,,,,,,,,,,,,,,,,,,,,,Space Education,All,,,,,,,,,,,,,,,,,,,,,,,,
Wageningen University,,https://zeta-solutions.nl,,,,,,,,,,,,,,,,,,,,,,Space Education,All,,,,,,,,,,,,,,,,,,,,,,,,
Water Insight BV,,https://waterinsight.nl/,,https://twitter.com/Water_Insight,,,,,,,,"We offer operational water remote sensing products and services such as e.g. our portable WISP WQ meter for blue-algae, transparency and sediments.",,,,,,,,,,,,Earth Observation Applications,All,,,,,,,,,,,,,,,,,,,,,,,,
Water Watch Foundation,,https://waterwatchfoundation.com/,logos/5de6d33e162bd84a503ec004a4500dd1d18230d8796b555432f8f41a349b2015.svg,https://twitter.com/WaterwatchCoop,,,,,,,,"The mission of Waterwatch Foundation is to facilitate availability of /and access to insightful and actionable information for actors in Agrifood, Water and Climate that nurtures people, nature and provides a better life for all.",,,,,,,,,,,,Earth Observation Applications,All,,,,,,,,,,,,,,,,,,,,,,,,
Wattlab,,https://wattlab.nl/,logos/763ecf2e19b7600aae65c25cb73856b5473009f46575d54c5e9af0130f4afd1e.svg,,,,,,,,,Wattlab integrates highly efficient solar energy systems into your product. Turn your assets into smart power plants and generate energy where needed.,,,,,,,,,,,,Subsystems & Components,All,,,,,,,,,,,,,,,,,,,,,,,,
Weather Impact,,https://www.weatherimpact.com/,logos/a7771f4c38928769615beba62b0ab82ee5e27d182787cae0085d8a0ec26d95ff.svg,https://twitter.com/WeatherImpact,,,,,,,,"Weather Impact provides agribusinesses with easy to access, reliable weather and climate information. Our mission is to support farmers to optimize global food production and support climate adaptation.",,,,,,,,,,,,Earth Observation Applications,All,,,,,,,,,,,,,,,,,,,,,,,,
West Consulting BV,,https://www.west.nl/,logos/752fc82055df563b88ca3acd531fc448f1461ee46f4610fdb75fd55a37a288dc.svg,,,,,,,,,West is expert in het bouwen van complexe IT systemen,,,,,,,,,,,,Data Analytics & Insights,All,,,,,,,,,,,,,,,,,,,,,,,,
West End,,https://www.westendbv.nl/,logos/5c386d8ab1b5428d0f44d67d36fb6f598e2892047f0912f8b038cd02f997e0bd.svg,,,,,,,,,West End provides solutions and services in the space and aerospace domain; details can be found on the company's website.,,,,,,,,,,,,Other Space Data Applications,All,,,,,,,,,,,,,,,,,,,,,,,,
WIA Europe,,https://www.wia-europe.org/,logos/c1a65bf98b26754f2c3f7c6caf072ebfdc0ed5d84742adaee5f7714bfcfa0cd4.svg,https://twitter.com/wia_europe,,,,,,,,"he goals of WIA Europe are to: - Be a networking platform for women in leading positions in aerospace and other technological areas. - Foster and promote the interests of women working in aerospace. - Promote and improve the access of females to technical areas and the space sector. - Advance aerospace education in schools and universities. - Advocate for further investment in space projects in the political environment. - Cooperate for the improvement and stabilization of the position of women in the aerospace profession. - Be an ambassador for space in society, culture, and philosophy. Women In Aerospace Europe is steadily growing and would like to invite you to join. Our membership, consisting of both women and men, share an interest in a broad spectrum of aerospace issues, including human space flight, aviation, remote sensing, satellite communications, robotic space exploration, commercial space, space tourism, and the policy issues surrounding these fields.",,,,,,,,,,,,Industry and Professional Associations,All,,,,,,,,,,,,,,,,,,,,,,,,
Wings for Aid,,https://wingsforaid.org,logos/bbc537e7e5b37e7f62ac05a8112e73ec6f2d895db25060fb2b451bb51ceed6e7.svg,,,,,,,,,"Wings for Aid develops and delivers drone systems and services for inspection, mapping, security and other industrial applications, integrating hardware, software and operations.",,,,,,,,,,,,Drone/UAV Mapping,All,,,,,,,,,,,,,,,,,,,,,,,,
Witteveen en Bos,,https://www.witteveenbos.com/,logos/0bc60cd840ab5aebbbe7f8574c7eaceae313619cb8b21d9f550eb8a33c20f397.svg,https://twitter.com/WitteveenBos,,,,,,,,"As an engineering and consultancy firm, we advise and help clients all over the world in resolving today’s complex challenges. With a network of 23 offices in 11 countries and some 1,400 engineers and consultants, we work on improving the human environment for everyone, today and for future generations. Together with our stakeholders, we contribute to social, ecological and economic progress, with the sustainable development goals of the United Nations serving as an inspirational guideline.",,,,,,,,,,,,Earth Observation Applications,All,,,,,,,,,,,,,,,,,,,,,,,,
XOSight,,https://xosight.com,,,,,,,,,,XOSight provides solutions and services in the space and aerospace domain; details can be found on the company's website.,,,,,,,,,,,,Other Space Data Applications,All,,,,,,,,,,,,,,,,,,,,,,,,
YES!Delft,,https://zeta-solutions.nl,,,,,,,,,,,,,,,,,,,,,,"Research, Innovation and Incubation",All,,,,,,,,,,,,,,,,,,,,,,,,
Zuidt,,https://zuidt.nl/,logos/1671304f429a23eab85d5075cfbfb74d53f5606c23a40dbab52e8b6b7ebc92c2.svg,,,,,,,,,Zuidt offers companies and governmental agencies help with building a robust and transparant infrastructure for their spatial data.,,,,,,,,,,,,Data Analytics & Insights,All,,,,,,,,,,,,,,,,,,,,,,,,
